process,start,finish,priority
0,1,3,3
0,3,5,3
1,5,7,2
0,7,9,3
2,9,11,0
1,11,13,2
0,13,15,3
2,15,17,0
1,17,19,2
0,19,21,3
2,21,23,0
1,23,25,2
3,25,26,1
4,26,27,5
2,27,29,0
5,29,31,1
0,31,33,3
1,33,35,2
6,35,37,1
2,37,39,0
5,39,41,1
0,41,43,3
7,43,45,1
1,45,46,2
3,46,48,1
8,48,50,5
4,50,51,5
9,51,52,1
2,52,54,0
5,54,56,1
0,56,58,3
7,58,59,1
6,59,61,1
3,61,62,1
8,62,64,5
10,64,66,2
2,66,68,0
5,68,70,1
0,70,72,3
6,72,73,1
8,73,75,5
9,75,77,1
10,77,79,2
7,79,80,1
2,80,82,0
5,82,84,1
0,84,86,3
8,86,88,5
10,88,90,2
2,90,92,0
5,92,94,1
0,94,96,3
8,96,98,5
10,98,100,2
2,100,102,0
5,102,104,1
8,104,106,5
10,106,108,2
11,108,110,5
5,110,112,1
8,112,114,5
11,114,116,5
10,116,118,2
5,118,120,1
8,120,122,5
11,122,124,5
10,124,126,2
12,126,127,0
5,127,129,1
8,129,131,5
11,131,133,5
10,133,135,2
13,135,136,0
14,136,138,2
8,138,139,5
10,139,141,2
11,141,143,5
12,143,145,0
14,145,147,2
10,147,149,2
11,149,151,5
12,151,152,0
13,152,154,0
14,154,156,2
10,156,157,2
11,157,159,5
15,159,161,0
13,161,163,0
14,163,165,2
11,165,167,5
15,167,169,0
14,169,170,2
16,170,172,0
11,172,173,5
17,173,175,3
15,175,177,0
16,177,179,0
14,179,181,2
17,181,182,3
15,182,184,0
14,184,186,2
14,186,188,2
15,188,190,0
14,190,192,2
15,192,194,0
17,194,196,3
16,196,198,0
15,198,200,0
17,200,202,3
18,202,203,5
19,203,205,0
16,205,207,0
15,207,209,0
20,209,210,4
21,210,212,4
19,212,214,0
15,214,216,0
21,216,217,4
22,217,219,5
18,219,220,5
19,220,222,0
15,222,224,0
20,224,226,4
22,226,228,5
19,228,230,0
23,230,232,3
24,232,234,0
20,234,235,4
25,235,237,4
21,237,239,4
22,239,241,5
26,241,243,1
19,243,245,0
27,245,247,1
23,247,249,3
24,249,251,0
25,251,252,4
28,252,254,4
21,254,255,4
22,255,257,5
26,257,259,1
19,259,260,0
29,260,262,5
27,262,264,1
23,264,266,3
24,266,268,0
30,268,270,3
28,270,272,4
31,272,274,3
22,274,276,5
26,276,278,1
29,278,280,5
32,280,281,5
25,281,283,4
27,283,285,1
23,285,287,3
24,287,289,0
30,289,290,3
28,290,292,4
31,292,294,3
22,294,296,5
26,296,298,1
33,298,300,1
29,300,302,5
25,302,304,4
27,304,306,1
34,306,308,0
23,308,310,3
24,310,312,0
28,312,314,4
32,314,316,5
31,316,318,3
22,318,320,5
26,320,322,1
30,322,324,3
29,324,326,5
27,326,327,1
35,327,329,3
34,329,331,0
33,331,333,1
23,333,335,3
28,335,337,4
32,337,339,5
31,339,341,3
22,341,343,5
26,343,345,1
29,345,347,5
27,347,349,1
35,349,351,3
34,351,353,0
33,353,354,1
28,354,356,4
31,356,358,3
22,358,360,5
26,360,362,1
27,362,364,1
29,364,366,5
35,366,368,3
34,368,370,0
36,370,372,4
28,372,374,4
31,374,376,3
26,376,378,1
27,378,380,1
37,380,381,3
29,381,383,5
35,383,385,3
38,385,387,5
34,387,389,0
39,389,391,0
28,391,393,4
31,393,395,3
26,395,397,1
27,397,399,1
36,399,400,4
40,400,402,3
41,402,403,4
29,403,405,5
35,405,406,3
42,406,407,3
38,407,409,5
37,409,410,3
39,410,412,0
28,412,413,4
31,413,415,3
26,415,416,1
27,416,418,1
40,418,420,3
29,420,422,5
38,422,424,5
35,424,426,3
41,426,427,4
39,427,429,0
31,429,431,3
27,431,433,1
42,433,434,3
40,434,436,3
29,436,438,5
38,438,440,5
43,440,442,4
35,442,444,3
39,444,446,0
31,446,448,3
40,448,450,3
29,450,452,5
38,452,454,5
43,454,456,4
35,456,458,3
44,458,460,4
39,460,462,0
45,462,464,0
31,464,466,3
40,466,467,3
46,467,469,5
38,469,471,5
43,471,473,4
35,473,475,3
44,475,477,4
47,477,479,5
39,479,480,0
48,480,482,0
45,482,483,0
46,483,485,5
43,485,487,4
38,487,489,5
35,489,490,3
44,490,492,4
47,492,494,5
48,494,495,0
39,495,497,0
46,497,499,5
43,499,501,4
38,501,503,5
44,503,505,4
45,505,507,0
47,507,509,5
39,509,511,0
49,511,513,5
46,513,515,5
43,515,516,4
38,516,518,5
44,518,520,4
45,520,521,0
48,521,523,0
47,523,525,5
39,525,527,0
49,527,529,5
46,529,530,5
38,530,532,5
44,532,534,4
48,534,536,0
50,536,538,0
39,538,540,0
47,540,542,5
49,542,544,5
38,544,546,5
44,546,548,4
50,548,550,0
39,550,551,0
47,551,553,5
49,553,555,5
51,555,557,0
44,557,559,4
50,559,561,0
47,561,563,5
52,563,565,2
49,565,566,5
51,566,568,0
44,568,570,4
50,570,572,0
47,572,574,5
53,574,576,0
52,576,578,2
49,578,580,5
51,580,582,0
54,582,584,4
44,584,586,4
55,586,588,0
47,588,590,5
52,590,592,2
49,592,594,5
51,594,596,0
56,596,598,4
54,598,600,4
57,600,602,3
44,602,604,4
58,604,606,3
53,606,608,0
55,608,610,0
52,610,612,2
49,612,614,5
51,614,616,0
54,616,618,4
57,618,619,3
44,619,620,4
56,620,622,4
59,622,624,5
60,624,625,3
61,625,627,1
55,627,629,0
52,629,631,2
49,631,633,5
51,633,634,0
58,634,635,3
54,635,637,4
56,637,638,4
59,638,640,5
62,640,641,2
61,641,643,1
63,643,645,1
55,645,647,0
57,647,649,3
64,649,651,5
65,651,653,2
52,653,655,2
49,655,657,5
60,657,658,3
66,658,660,1
54,660,662,4
67,662,664,1
61,664,666,1
63,666,668,1
68,668,669,1
55,669,671,0
59,671,673,5
62,673,675,2
65,675,677,2
69,677,679,3
52,679,681,2
49,681,682,5
64,682,684,5
66,684,685,1
54,685,687,4
67,687,689,1
70,689,691,3
61,691,693,1
63,693,695,1
55,695,697,0
59,697,698,5
68,698,699,1
69,699,701,3
52,701,703,2
71,703,705,2
64,705,706,5
54,706,708,4
72,708,710,4
65,710,711,2
67,711,713,1
73,713,715,2
70,715,717,3
61,717,719,1
74,719,721,0
63,721,723,1
66,723,725,1
55,725,727,0
75,727,729,2
52,729,731,2
71,731,733,2
54,733,735,4
76,735,737,1
72,737,739,4
69,739,741,3
67,741,743,1
77,743,745,5
73,745,747,2
70,747,749,3
61,749,751,1
78,751,753,4
74,753,754,0
55,754,756,0
63,756,758,1
79,758,759,3
75,759,761,2
52,761,763,2
71,763,765,2
76,765,767,1
72,767,769,4
67,769,771,1
77,771,773,5
73,773,775,2
70,775,777,3
80,777,779,0
61,779,781,1
55,781,783,0
63,783,785,1
75,785,787,2
52,787,789,2
74,789,790,0
78,790,792,4
71,792,794,2
76,794,796,1
79,796,798,3
72,798,800,4
77,800,802,5
67,802,804,1
73,804,806,2
81,806,808,5
70,808,810,3
80,810,812,0
61,812,814,1
82,814,816,3
55,816,818,0
63,818,820,1
75,820,822,2
52,822,824,2
71,824,826,2
76,826,828,1
79,828,830,3
83,830,832,2
72,832,834,4
77,834,836,5
67,836,838,1
84,838,839,4
73,839,841,2
81,841,843,5
80,843,845,0
61,845,847,1
82,847,849,3
85,849,851,4
55,851,853,0
63,853,855,1
75,855,856,2
71,856,858,2
76,858,859,1
86,859,860,2
83,860,862,2
72,862,864,4
77,864,865,5
87,865,866,0
88,866,868,1
67,868,870,1
89,870,872,3
73,872,874,2
81,874,876,5
80,876,878,0
61,878,880,1
84,880,881,4
82,881,883,3
85,883,885,4
71,885,887,2
75,887,889,2
76,889,891,1
83,891,893,2
72,893,895,4
86,895,897,2
88,897,899,1
67,899,901,1
89,901,903,3
81,903,905,5
73,905,907,2
87,907,909,0
80,909,911,0
61,911,912,1
82,912,914,3
85,914,916,4
71,916,918,2
75,918,920,2
76,920,922,1
83,922,924,2
72,924,926,4
86,926,928,2
90,928,930,4
88,930,932,1
67,932,934,1
89,934,936,3
73,936,938,2
91,938,939,1
81,939,941,5
87,941,942,0
80,942,943,0
92,943,945,4
82,945,947,3
85,947,949,4
71,949,951,2
75,951,953,2
76,953,955,1
83,955,957,2
72,957,959,4
90,959,961,4
88,961,963,1
93,963,965,2
67,965,967,1
89,967,969,3
73,969,971,2
81,971,973,5
80,973,975,0
92,975,977,4
82,977,979,3
91,979,981,1
85,981,983,4
71,983,985,2
75,985,987,2
76,987,989,1
94,989,991,4
72,991,992,4
83,992,994,2
95,994,996,0
88,996,998,1
93,998,999,2
90,999,1000,4
73,1000,1002,2
81,1002,1004,5
80,1004,1006,0
92,1006,1008,4
96,1008,1010,1
97,1010,1011,0
82,1011,1013,3
91,1013,1014,1
85,1014,1016,4
98,1016,1017,4
71,1017,1019,2
75,1019,1021,2
94,1021,1023,4
83,1023,1025,2
95,1025,1027,0
73,1027,1028,2
99,1028,1029,4
81,1029,1031,5
80,1031,1033,0
92,1033,1035,4
93,1035,1037,2
96,1037,1039,1
100,1039,1041,0
82,1041,1043,3
71,1043,1044,2
97,1044,1046,0
94,1046,1048,4
83,1048,1050,2
98,1050,1051,4
101,1051,1053,3
80,1053,1055,0
92,1055,1057,4
95,1057,1059,0
102,1059,1061,1
99,1061,1063,4
96,1063,1065,1
82,1065,1067,3
103,1067,1069,3
97,1069,1070,0
94,1070,1072,4
83,1072,1074,2
100,1074,1075,0
101,1075,1077,3
104,1077,1078,3
92,1078,1080,4
95,1080,1081,0
105,1081,1083,3
99,1083,1084,4
96,1084,1086,1
82,1086,1088,3
103,1088,1090,3
94,1090,1092,4
102,1092,1093,1
83,1093,1095,2
101,1095,1097,3
106,1097,1098,1
105,1098,1100,3
92,1100,1102,4
104,1102,1104,3
96,1104,1106,1
107,1106,1108,0
83,1108,1110,2
94,1110,1112,4
101,1112,1114,3
103,1114,1115,3
105,1115,1117,3
108,1117,1119,1
92,1119,1121,4
104,1121,1122,3
96,1122,1124,1
107,1124,1126,0
106,1126,1127,1
94,1127,1129,4
101,1129,1130,3
105,1130,1132,3
108,1132,1134,1
109,1134,1135,5
110,1135,1137,3
111,1137,1139,3
92,1139,1141,4
96,1141,1143,1
94,1143,1145,4
112,1145,1146,0
105,1146,1148,3
101,1148,1150,3
107,1150,1151,0
110,1151,1153,3
111,1153,1154,3
92,1154,1156,4
96,1156,1158,1
113,1158,1160,4
108,1160,1162,1
94,1162,1164,4
109,1164,1165,5
105,1165,1167,3
101,1167,1169,3
114,1169,1171,0
110,1171,1173,3
92,1173,1175,4
96,1175,1177,1
112,1177,1179,0
113,1179,1181,4
108,1181,1182,1
94,1182,1184,4
111,1184,1186,3
115,1186,1188,4
105,1188,1190,3
101,1190,1192,3
114,1192,1194,0
110,1194,1196,3
116,1196,1198,2
96,1198,1200,1
112,1200,1202,0
113,1202,1204,4
117,1204,1205,4
111,1205,1206,3
115,1206,1207,4
118,1207,1209,2
105,1209,1211,3
101,1211,1213,3
114,1213,1215,0
110,1215,1217,3
116,1217,1219,2
113,1219,1221,4
118,1221,1223,2
105,1223,1225,3
119,1225,1226,0
120,1226,1228,4
101,1228,1230,3
121,1230,1232,5
117,1232,1234,4
114,1234,1236,0
110,1236,1237,3
115,1237,1238,4
116,1238,1240,2
113,1240,1241,4
105,1241,1242,3
120,1242,1244,4
101,1244,1246,3
118,1246,1247,2
121,1247,1249,5
114,1249,1251,0
119,1251,1252,0
110,1252,1254,3
116,1254,1256,2
120,1256,1258,4
122,1258,1260,5
123,1260,1262,5
121,1262,1264,5
114,1264,1266,0
110,1266,1268,3
116,1268,1270,2
124,1270,1272,1
120,1272,1274,4
122,1274,1276,5
123,1276,1278,5
125,1278,1280,1
126,1280,1282,3
121,1282,1284,5
114,1284,1286,0
110,1286,1288,3
116,1288,1290,2
124,1290,1292,1
120,1292,1294,4
122,1294,1296,5
123,1296,1298,5
125,1298,1300,1
126,1300,1302,3
121,1302,1304,5
127,1304,1306,0
114,1306,1308,0
128,1308,1310,4
110,1310,1312,3
116,1312,1314,2
124,1314,1316,1
120,1316,1318,4
129,1318,1320,1
122,1320,1322,5
123,1322,1324,5
125,1324,1326,1
126,1326,1328,3
121,1328,1330,5
127,1330,1332,0
114,1332,1334,0
128,1334,1336,4
130,1336,1338,3
116,1338,1340,2
131,1340,1342,3
124,1342,1344,1
120,1344,1346,4
129,1346,1348,1
122,1348,1349,5
132,1349,1351,3
123,1351,1353,5
125,1353,1355,1
126,1355,1357,3
121,1357,1359,5
127,1359,1361,0
114,1361,1363,0
130,1363,1365,3
116,1365,1367,2
133,1367,1369,1
131,1369,1371,3
124,1371,1373,1
128,1373,1375,4
120,1375,1377,4
129,1377,1379,1
134,1379,1381,1
122,1381,1383,5
132,1383,1385,3
123,1385,1387,5
125,1387,1388,1
126,1388,1390,3
121,1390,1392,5
127,1392,1394,0
130,1394,1396,3
116,1396,1398,2
133,1398,1400,1
131,1400,1402,3
135,1402,1404,4
124,1404,1406,1
128,1406,1407,4
120,1407,1409,4
129,1409,1411,1
136,1411,1413,1
134,1413,1415,1
122,1415,1417,5
137,1417,1419,1
138,1419,1420,2
132,1420,1422,3
139,1422,1424,4
123,1424,1426,5
126,1426,1428,3
121,1428,1430,5
125,1430,1432,1
127,1432,1434,0
130,1434,1436,3
140,1436,1438,1
116,1438,1440,2
133,1440,1442,1
131,1442,1444,3
141,1444,1446,1
120,1446,1447,4
124,1447,1449,1
129,1449,1451,1
136,1451,1453,1
134,1453,1455,1
135,1455,1457,4
122,1457,1459,5
137,1459,1461,1
132,1461,1463,3
142,1463,1465,0
139,1465,1467,4
123,1467,1469,5
126,1469,1471,3
138,1471,1472,2
121,1472,1474,5
125,1474,1476,1
127,1476,1478,0
143,1478,1480,1
130,1480,1481,3
140,1481,1483,1
116,1483,1484,2
133,1484,1486,1
131,1486,1488,3
144,1488,1490,3
141,1490,1492,1
124,1492,1494,1
145,1494,1496,5
146,1496,1497,3
136,1497,1499,1
134,1499,1501,1
135,1501,1503,4
122,1503,1505,5
137,1505,1507,1
132,1507,1509,3
142,1509,1511,0
147,1511,1513,5
139,1513,1515,4
123,1515,1517,5
126,1517,1519,3
121,1519,1521,5
125,1521,1523,1
143,1523,1525,1
148,1525,1526,4
140,1526,1528,1
130,1528,1530,3
133,1530,1532,1
149,1532,1534,2
131,1534,1536,3
144,1536,1538,3
150,1538,1540,2
141,1540,1542,1
124,1542,1544,1
145,1544,1545,5
151,1545,1547,3
136,1547,1549,1
134,1549,1551,1
122,1551,1552,5
137,1552,1554,1
146,1554,1556,3
142,1556,1558,0
132,1558,1560,3
147,1560,1562,5
139,1562,1564,4
123,1564,1566,5
126,1566,1568,3
121,1568,1570,5
125,1570,1572,1
152,1572,1573,2
140,1573,1575,1
130,1575,1577,3
133,1577,1579,1
149,1579,1580,2
153,1580,1581,5
148,1581,1582,4
143,1582,1583,1
131,1583,1585,3
144,1585,1587,3
150,1587,1589,2
141,1589,1591,1
154,1591,1593,4
155,1593,1595,4
124,1595,1597,1
151,1597,1598,3
136,1598,1599,1
134,1599,1601,1
137,1601,1602,1
145,1602,1604,5
156,1604,1606,3
157,1606,1608,2
146,1608,1609,3
142,1609,1611,0
132,1611,1613,3
147,1613,1615,5
158,1615,1617,0
139,1617,1619,4
123,1619,1620,5
126,1620,1622,3
140,1622,1624,1
130,1624,1626,3
133,1626,1628,1
152,1628,1630,2
131,1630,1632,3
144,1632,1634,3
150,1634,1636,2
141,1636,1638,1
149,1638,1640,2
153,1640,1642,5
154,1642,1644,4
155,1644,1646,4
124,1646,1648,1
159,1648,1650,1
134,1650,1652,1
145,1652,1653,5
151,1653,1655,3
157,1655,1656,2
142,1656,1658,0
160,1658,1660,5
132,1660,1662,3
156,1662,1664,3
147,1664,1666,5
158,1666,1668,0
139,1668,1670,4
126,1670,1672,3
130,1672,1674,3
133,1674,1676,1
140,1676,1678,1
161,1678,1680,0
152,1680,1681,2
131,1681,1683,3
144,1683,1684,3
150,1684,1686,2
162,1686,1688,2
163,1688,1690,1
153,1690,1691,5
154,1691,1693,4
155,1693,1695,4
124,1695,1696,1
134,1696,1698,1
151,1698,1700,3
164,1700,1701,3
159,1701,1702,1
142,1702,1704,0
132,1704,1706,3
165,1706,1708,4
147,1708,1710,5
157,1710,1712,2
139,1712,1714,4
160,1714,1716,5
130,1716,1718,3
166,1718,1720,3
133,1720,1722,1
167,1722,1724,0
140,1724,1726,1
158,1726,1728,0
161,1728,1730,0
131,1730,1732,3
168,1732,1734,5
150,1734,1736,2
162,1736,1738,2
163,1738,1740,1
154,1740,1742,4
155,1742,1744,4
169,1744,1745,4
134,1745,1746,1
170,1746,1747,2
142,1747,1749,0
132,1749,1750,3
165,1750,1752,4
147,1752,1753,5
164,1753,1754,3
171,1754,1756,5
172,1756,1758,2
157,1758,1759,2
139,1759,1761,4
160,1761,1762,5
173,1762,1763,2
133,1763,1765,1
167,1765,1767,0
174,1767,1769,0
140,1769,1771,1
158,1771,1772,0
161,1772,1774,0
166,1774,1775,3
175,1775,1777,5
168,1777,1779,5
150,1779,1781,2
163,1781,1783,1
154,1783,1785,4
155,1785,1787,4
162,1787,1788,2
142,1788,1790,0
176,1790,1792,2
165,1792,1794,4
169,1794,1796,4
147,1796,1798,5
171,1798,1800,5
177,1800,1802,2
170,1802,1803,2
172,1803,1805,2
139,1805,1807,4
133,1807,1808,1
167,1808,1810,0
174,1810,1812,0
140,1812,1814,1
173,1814,1816,2
161,1816,1818,0
175,1818,1820,5
168,1820,1822,5
178,1822,1824,1
150,1824,1826,2
163,1826,1828,1
154,1828,1830,4
179,1830,1831,4
142,1831,1833,0
155,1833,1835,4
176,1835,1837,2
165,1837,1839,4
147,1839,1841,5
171,1841,1843,5
177,1843,1845,2
180,1845,1847,4
181,1847,1849,2
172,1849,1851,2
182,1851,1853,5
167,1853,1855,0
174,1855,1857,0
140,1857,1859,1
173,1859,1861,2
161,1861,1863,0
183,1863,1865,1
175,1865,1867,5
168,1867,1869,5
178,1869,1871,1
150,1871,1873,2
163,1873,1874,1
142,1874,1875,0
155,1875,1877,4
176,1877,1879,2
165,1879,1881,4
184,1881,1883,2
179,1883,1885,4
147,1885,1887,5
171,1887,1889,5
177,1889,1891,2
185,1891,1893,2
180,1893,1894,4
181,1894,1896,2
172,1896,1898,2
167,1898,1900,0
174,1900,1902,0
186,1902,1904,1
140,1904,1906,1
187,1906,1908,5
182,1908,1910,5
188,1910,1911,5
161,1911,1913,0
183,1913,1915,1
189,1915,1917,2
190,1917,1918,5
175,1918,1920,5
178,1920,1922,1
150,1922,1924,2
155,1924,1926,4
176,1926,1928,2
191,1928,1930,1
192,1930,1931,0
165,1931,1933,4
193,1933,1935,2
184,1935,1937,2
179,1937,1938,4
147,1938,1940,5
171,1940,1942,5
177,1942,1944,2
194,1944,1946,1
181,1946,1948,2
172,1948,1950,2
195,1950,1952,1
167,1952,1953,0
174,1953,1955,0
185,1955,1957,2
180,1957,1958,4
186,1958,1960,1
187,1960,1962,5
182,1962,1963,5
196,1963,1964,0
161,1964,1966,0
183,1966,1968,1
189,1968,1970,2
175,1970,1972,5
178,1972,1974,1
188,1974,1976,5
150,1976,1978,2
197,1978,1980,2
155,1980,1982,4
176,1982,1984,2
198,1984,1986,0
190,1986,1988,5
191,1988,1990,1
193,1990,1992,2
165,1992,1994,4
184,1994,1996,2
192,1996,1998,0
199,1998,2000,4
177,2000,2001,2
194,2001,2003,1
181,2003,2005,2
172,2005,2007,2
195,2007,2009,1
200,2009,2011,5
167,2011,2013,0
185,2013,2014,2
174,2014,2016,0
186,2016,2018,1
187,2018,2020,5
161,2020,2022,0
183,2022,2024,1
189,2024,2026,2
175,2026,2027,5
178,2027,2028,1
188,2028,2029,5
196,2029,2030,0
201,2030,2032,5
202,2032,2034,0
150,2034,2036,2
197,2036,2038,2
176,2038,2040,2
198,2040,2042,0
190,2042,2044,5
191,2044,2046,1
203,2046,2047,0
193,2047,2049,2
165,2049,2051,4
204,2051,2053,3
184,2053,2055,2
192,2055,2057,0
199,2057,2059,4
177,2059,2061,2
205,2061,2063,4
181,2063,2065,2
195,2065,2067,1
172,2067,2069,2
206,2069,2071,3
200,2071,2073,5
167,2073,2075,0
194,2075,2076,1
174,2076,2078,0
186,2078,2080,1
187,2080,2082,5
207,2082,2084,0
161,2084,2086,0
183,2086,2088,1
208,2088,2089,5
189,2089,2091,2
209,2091,2093,1
201,2093,2094,5
202,2094,2095,0
150,2095,2097,2
210,2097,2099,2
197,2099,2101,2
176,2101,2103,2
198,2103,2105,0
191,2105,2107,1
193,2107,2109,2
165,2109,2111,4
204,2111,2113,3
211,2113,2114,0
184,2114,2116,2
203,2116,2118,0
212,2118,2120,3
177,2120,2122,2
205,2122,2124,4
181,2124,2125,2
213,2125,2127,4
214,2127,2129,2
195,2129,2131,1
199,2131,2132,4
172,2132,2134,2
215,2134,2136,3
206,2136,2138,3
200,2138,2140,5
167,2140,2142,0
216,2142,2144,2
174,2144,2146,0
186,2146,2148,1
187,2148,2150,5
207,2150,2152,0
161,2152,2154,0
183,2154,2155,1
189,2155,2157,2
209,2157,2159,1
217,2159,2161,4
208,2161,2163,5
210,2163,2165,2
197,2165,2167,2
218,2167,2169,5
176,2169,2171,2
201,2171,2173,5
198,2173,2175,0
202,2175,2177,0
219,2177,2179,3
191,2179,2180,1
193,2180,2182,2
220,2182,2184,1
165,2184,2186,4
204,2186,2188,3
184,2188,2190,2
203,2190,2192,0
212,2192,2194,3
177,2194,2196,2
205,2196,2198,4
211,2198,2199,0
221,2199,2200,3
181,2200,2202,2
214,2202,2204,2
195,2204,2206,1
172,2206,2208,2
222,2208,2210,3
215,2210,2212,3
213,2212,2213,4
206,2213,2215,3
200,2215,2217,5
167,2217,2219,0
216,2219,2220,2
174,2220,2222,0
186,2222,2224,1
207,2224,2226,0
187,2226,2228,5
161,2228,2229,0
189,2229,2231,2
209,2231,2233,1
217,2233,2235,4
208,2235,2236,5
210,2236,2238,2
223,2238,2239,2
197,2239,2240,2
218,2240,2242,5
176,2242,2244,2
224,2244,2246,0
198,2246,2248,0
225,2248,2250,0
202,2250,2252,0
226,2252,2254,5
193,2254,2256,2
191,2256,2258,1
220,2258,2259,1
227,2259,2261,4
204,2261,2263,3
219,2263,2265,3
184,2265,2267,2
177,2267,2269,2
205,2269,2271,4
181,2271,2273,2
214,2273,2275,2
228,2275,2277,3
195,2277,2278,1
212,2278,2280,3
172,2280,2282,2
222,2282,2283,3
229,2283,2285,5
230,2285,2287,5
221,2287,2288,3
206,2288,2290,3
231,2290,2291,1
200,2291,2292,5
167,2292,2294,0
174,2294,2296,0
186,2296,2298,1
215,2298,2300,3
207,2300,2302,0
187,2302,2304,5
232,2304,2306,5
216,2306,2307,2
189,2307,2309,2
209,2309,2311,1
217,2311,2313,4
233,2313,2315,3
210,2315,2317,2
234,2317,2319,2
176,2319,2321,2
197,2321,2323,2
198,2323,2325,0
223,2325,2326,2
225,2326,2328,0
218,2328,2330,5
226,2330,2331,5
235,2331,2333,2
193,2333,2335,2
224,2335,2336,0
191,2336,2338,1
227,2338,2340,4
236,2340,2342,2
219,2342,2343,3
184,2343,2345,2
220,2345,2347,1
237,2347,2349,3
177,2349,2351,2
205,2351,2352,4
181,2352,2354,2
214,2354,2356,2
228,2356,2358,3
212,2358,2359,3
172,2359,2360,2
195,2360,2362,1
238,2362,2364,3
229,2364,2366,5
239,2366,2368,3
240,2368,2369,1
230,2369,2371,5
206,2371,2373,3
167,2373,2374,0
222,2374,2375,3
174,2375,2377,0
186,2377,2379,1
215,2379,2381,3
207,2381,2383,0
241,2383,2385,2
231,2385,2387,1
187,2387,2389,5
232,2389,2391,5
189,2391,2393,2
209,2393,2395,1
217,2395,2397,4
233,2397,2399,3
210,2399,2401,2
242,2401,2403,3
234,2403,2405,2
176,2405,2406,2
197,2406,2408,2
243,2408,2410,2
198,2410,2412,0
244,2412,2414,3
218,2414,2416,5
245,2416,2418,0
235,2418,2420,2
193,2420,2422,2
191,2422,2424,1
225,2424,2425,0
227,2425,2427,4
236,2427,2428,2
226,2428,2429,5
184,2429,2431,2
220,2431,2433,1
246,2433,2435,2
247,2435,2436,2
177,2436,2438,2
181,2438,2440,2
205,2440,2442,4
214,2442,2444,2
237,2444,2446,3
228,2446,2448,3
248,2448,2450,2
195,2450,2452,1
238,2452,2454,3
229,2454,2456,5
239,2456,2458,3
206,2458,2459,3
240,2459,2461,1
186,2461,2463,1
207,2463,2465,0
230,2465,2467,5
249,2467,2469,1
241,2469,2471,2
187,2471,2473,5
232,2473,2475,5
189,2475,2477,2
209,2477,2478,1
217,2478,2480,4
210,2480,2482,2
250,2482,2484,2
251,2484,2486,4
242,2486,2488,3
234,2488,2490,2
252,2490,2492,1
253,2492,2494,1
197,2494,2496,2
243,2496,2498,2
233,2498,2500,3
198,2500,2502,0
244,2502,2503,3
245,2503,2505,0
235,2505,2507,2
193,2507,2508,2
191,2508,2510,1
254,2510,2511,5
227,2511,2513,4
184,2513,2514,2
255,2514,2516,2
246,2516,2518,2
236,2518,2519,2
205,2519,2521,4
256,2521,2523,5
247,2523,2524,2
228,2524,2526,3
248,2526,2528,2
195,2528,2530,1
238,2530,2532,3
229,2532,2534,5
239,2534,2536,3
240,2536,2538,1
206,2538,2540,3
257,2540,2542,1
186,2542,2544,1
258,2544,2546,0
207,2546,2548,0
230,2548,2550,5
249,2550,2552,1
259,2552,2554,1
241,2554,2556,2
260,2556,2558,3
187,2558,2559,5
232,2559,2561,5
261,2561,2562,4
262,2562,2563,5
189,2563,2565,2
263,2565,2567,0
209,2567,2569,1
217,2569,2570,4
250,2570,2572,2
264,2572,2574,3
210,2574,2576,2
251,2576,2578,4
242,2578,2580,3
234,2580,2582,2
252,2582,2583,1
253,2583,2585,1
197,2585,2587,2
243,2587,2589,2
198,2589,2591,0
245,2591,2593,0
265,2593,2595,5
235,2595,2597,2
191,2597,2598,1
266,2598,2600,0
227,2600,2601,4
244,2601,2602,3
267,2602,2604,1
255,2604,2606,2
246,2606,2608,2
205,2608,2610,4
254,2610,2611,5
268,2611,2613,2
256,2613,2615,5
228,2615,2617,3
248,2617,2619,2
195,2619,2621,1
238,2621,2623,3
229,2623,2625,5
239,2625,2627,3
206,2627,2629,3
257,2629,2631,1
186,2631,2633,1
269,2633,2635,5
258,2635,2637,0
207,2637,2639,0
249,2639,2641,1
259,2641,2643,1
241,2643,2645,2
260,2645,2647,3
232,2647,2648,5
189,2648,2650,2
209,2650,2652,1
250,2652,2654,2
262,2654,2656,5
217,2656,2658,4
261,2658,2660,4
264,2660,2662,3
263,2662,2663,0
270,2663,2665,2
271,2665,2667,1
210,2667,2669,2
251,2669,2671,4
242,2671,2673,3
272,2673,2674,3
273,2674,2676,1
253,2676,2678,1
274,2678,2680,3
197,2680,2682,2
243,2682,2684,2
198,2684,2686,0
252,2686,2688,1
245,2688,2690,0
265,2690,2692,5
235,2692,2694,2
266,2694,2696,0
267,2696,2698,1
227,2698,2700,4
255,2700,2702,2
246,2702,2704,2
205,2704,2706,4
268,2706,2707,2
256,2707,2709,5
228,2709,2711,3
248,2711,2713,2
195,2713,2715,1
238,2715,2717,3
206,2717,2719,3
239,2719,2721,3
257,2721,2723,1
269,2723,2724,5
275,2724,2725,2
207,2725,2727,0
249,2727,2729,1
241,2729,2731,2
276,2731,2733,5
258,2733,2735,0
277,2735,2737,2
209,2737,2739,1
259,2739,2741,1
250,2741,2743,2
278,2743,2745,3
262,2745,2746,5
217,2746,2748,4
260,2748,2749,3
261,2749,2750,4
270,2750,2751,2
271,2751,2753,1
210,2753,2755,2
251,2755,2757,4
242,2757,2758,3
264,2758,2759,3
273,2759,2761,1
279,2761,2763,4
253,2763,2765,1
274,2765,2767,3
280,2767,2768,1
197,2768,2769,2
243,2769,2771,2
272,2771,2773,3
198,2773,2775,0
252,2775,2777,1
245,2777,2778,0
265,2778,2780,5
235,2780,2782,2
266,2782,2784,0
267,2784,2786,1
227,2786,2788,4
255,2788,2790,2
281,2790,2792,4
205,2792,2794,4
256,2794,2796,5
228,2796,2798,3
248,2798,2799,2
195,2799,2801,1
238,2801,2802,3
206,2802,2804,3
268,2804,2805,2
239,2805,2807,3
257,2807,2809,1
282,2809,2811,3
207,2811,2813,0
249,2813,2814,1
241,2814,2815,2
276,2815,2817,5
269,2817,2818,5
275,2818,2820,2
277,2820,2822,2
209,2822,2824,1
259,2824,2825,1
250,2825,2827,2
278,2827,2829,3
283,2829,2831,2
217,2831,2833,4
284,2833,2835,5
271,2835,2837,1
285,2837,2839,0
286,2839,2841,2
210,2841,2843,2
242,2843,2845,3
270,2845,2846,2
273,2846,2848,1
279,2848,2850,4
253,2850,2851,1
274,2851,2853,3
243,2853,2855,2
272,2855,2857,3
287,2857,2859,1
198,2859,2861,0
280,2861,2863,1
288,2863,2865,4
265,2865,2867,5
235,2867,2869,2
266,2869,2871,0
289,2871,2873,3
267,2873,2875,1
227,2875,2877,4
290,2877,2879,1
255,2879,2881,2
281,2881,2883,4
205,2883,2884,4
256,2884,2886,5
291,2886,2887,2
228,2887,2889,3
238,2889,2891,3
206,2891,2893,3
292,2893,2895,5
239,2895,2897,3
257,2897,2899,1
282,2899,2901,3
207,2901,2903,0
249,2903,2905,1
276,2905,2907,5
241,2907,2909,2
275,2909,2911,2
277,2911,2913,2
209,2913,2915,1
293,2915,2917,2
250,2917,2919,2
283,2919,2920,2
217,2920,2922,4
284,2922,2924,5
294,2924,2925,2
271,2925,2927,1
278,2927,2928,3
285,2928,2930,0
286,2930,2932,2
210,2932,2934,2
242,2934,2936,3
273,2936,2938,1
279,2938,2940,4
274,2940,2942,3
253,2942,2944,1
243,2944,2946,2
295,2946,2947,3
287,2947,2949,1
280,2949,2950,1
288,2950,2952,4
296,2952,2954,4
265,2954,2955,5
235,2955,2957,2
297,2957,2959,2
266,2959,2961,0
298,2961,2963,2
289,2963,2965,3
227,2965,2967,4
267,2967,2969,1
290,2969,2970,1
255,2970,2972,2
281,2972,2974,4
299,2974,2976,4
300,2976,2977,1
256,2977,2979,5
301,2979,2981,4
228,2981,2983,3
238,2983,2985,3
292,2985,2987,5
239,2987,2989,3
291,2989,2991,2
257,2991,2993,1
282,2993,2995,3
249,2995,2997,1
276,2997,2999,5
241,2999,3001,2
302,3001,3003,0
277,3003,3005,2
293,3005,3007,2
250,3007,3009,2
217,3009,3011,4
284,3011,3013,5
303,3013,3015,4
271,3015,3017,1
304,3017,3019,0
283,3019,3021,2
285,3021,3023,0
286,3023,3025,2
210,3025,3027,2
242,3027,3029,3
294,3029,3030,2
273,3030,3032,1
279,3032,3034,4
274,3034,3036,3
253,3036,3038,1
305,3038,3040,5
243,3040,3042,2
287,3042,3044,1
288,3044,3046,4
296,3046,3048,4
306,3048,3050,1
265,3050,3052,5
307,3052,3054,3
235,3054,3056,2
295,3056,3058,3
297,3058,3060,2
266,3060,3062,0
298,3062,3064,2
227,3064,3066,4
267,3066,3068,1
308,3068,3070,3
255,3070,3072,2
281,3072,3074,4
289,3074,3076,3
299,3076,3078,4
309,3078,3080,2
290,3080,3081,1
301,3081,3083,4
310,3083,3085,5
256,3085,3087,5
228,3087,3089,3
238,3089,3091,3
292,3091,3093,5
239,3093,3095,3
300,3095,3097,1
291,3097,3099,2
257,3099,3101,1
282,3101,3103,3
249,3103,3105,1
276,3105,3106,5
311,3106,3108,3
241,3108,3110,2
277,3110,3111,2
293,3111,3113,2
250,3113,3115,2
217,3115,3116,4
284,3116,3118,5
302,3118,3119,0
303,3119,3121,4
312,3121,3123,2
304,3123,3125,0
271,3125,3127,1
285,3127,3129,0
313,3129,3130,2
286,3130,3132,2
242,3132,3134,3
273,3134,3135,1
279,3135,3137,4
274,3137,3138,3
253,3138,3140,1
305,3140,3142,5
243,3142,3144,2
287,3144,3146,1
288,3146,3148,4
296,3148,3150,4
306,3150,3151,1
265,3151,3153,5
307,3153,3155,3
235,3155,3157,2
314,3157,3158,4
295,3158,3159,3
297,3159,3161,2
266,3161,3163,0
298,3163,3165,2
267,3165,3167,1
308,3167,3169,3
255,3169,3171,2
281,3171,3173,4
289,3173,3175,3
299,3175,3177,4
309,3177,3179,2
310,3179,3181,5
315,3181,3183,0
256,3183,3185,5
228,3185,3186,3
238,3186,3188,3
292,3188,3190,5
301,3190,3192,4
300,3192,3193,1
316,3193,3194,3
317,3194,3196,4
318,3196,3197,1
257,3197,3199,1
249,3199,3201,1
282,3201,3203,3
319,3203,3205,4
311,3205,3207,3
241,3207,3209,2
320,3209,3211,5
277,3211,3213,2
293,3213,3215,2
250,3215,3217,2
284,3217,3218,5
303,3218,3220,4
312,3220,3222,2
304,3222,3224,0
271,3224,3226,1
285,3226,3228,0
286,3228,3230,2
273,3230,3232,1
279,3232,3233,4
313,3233,3235,2
274,3235,3237,3
253,3237,3239,1
321,3239,3241,4
243,3241,3243,2
322,3243,3244,1
287,3244,3245,1
288,3245,3247,4
296,3247,3249,4
305,3249,3251,5
265,3251,3253,5
307,3253,3255,3
297,3255,3257,2
306,3257,3258,1
323,3258,3260,1
324,3260,3262,3
266,3262,3264,0
298,3264,3266,2
325,3266,3268,0
267,3268,3270,1
314,3270,3272,4
308,3272,3274,3
255,3274,3275,2
281,3275,3277,4
299,3277,3279,4
326,3279,3281,3
309,3281,3283,2
310,3283,3285,5
256,3285,3287,5
238,3287,3289,3
292,3289,3290,5
315,3290,3292,0
327,3292,3294,1
301,3294,3296,4
317,3296,3298,4
257,3298,3300,1
328,3300,3302,4
249,3302,3304,1
282,3304,3306,3
316,3306,3307,3
319,3307,3309,4
311,3309,3311,3
318,3311,3313,1
241,3313,3315,2
320,3315,3317,5
277,3317,3319,2
293,3319,3320,2
250,3320,3322,2
284,3322,3324,5
303,3324,3326,4
312,3326,3328,2
329,3328,3330,0
304,3330,3332,0
330,3332,3333,4
271,3333,3335,1
285,3335,3337,0
331,3337,3339,3
286,3339,3341,2
273,3341,3343,1
279,3343,3345,4
274,3345,3347,3
253,3347,3349,1
321,3349,3351,4
332,3351,3353,4
243,3353,3354,2
288,3354,3356,4
287,3356,3358,1
296,3358,3360,4
333,3360,3362,0
334,3362,3364,4
305,3364,3365,5
335,3365,3366,0
265,3366,3368,5
322,3368,3369,1
307,3369,3371,3
297,3371,3373,2
323,3373,3375,1
324,3375,3377,3
266,3377,3379,0
298,3379,3380,2
336,3380,3381,5
267,3381,3383,1
314,3383,3385,4
308,3385,3387,3
325,3387,3388,0
299,3388,3389,4
326,3389,3391,3
337,3391,3393,5
309,3393,3395,2
310,3395,3397,5
256,3397,3399,5
338,3399,3401,1
339,3401,3402,1
317,3402,3404,4
257,3404,3406,1
328,3406,3408,4
249,3408,3409,1
340,3409,3411,5
327,3411,3413,1
282,3413,3415,3
341,3415,3416,2
342,3416,3417,3
343,3417,3418,2
319,3418,3420,4
311,3420,3422,3
344,3422,3424,4
241,3424,3426,2
277,3426,3428,2
250,3428,3430,2
293,3430,3432,2
345,3432,3434,3
346,3434,3436,4
284,3436,3438,5
303,3438,3440,4
347,3440,3442,1
320,3442,3443,5
312,3443,3445,2
329,3445,3447,0
348,3447,3448,1
271,3448,3450,1
349,3450,3452,4
285,3452,3454,0
286,3454,3456,2
273,3456,3458,1
279,3458,3460,4
330,3460,3461,4
274,3461,3463,3
331,3463,3464,3
350,3464,3466,0
321,3466,3468,4
351,3468,3470,4
332,3470,3472,4
287,3472,3474,1
352,3474,3476,3
288,3476,3478,4
296,3478,3480,4
333,3480,3482,0
353,3482,3484,0
334,3484,3486,4
354,3486,3488,4
355,3488,3489,0
307,3489,3491,3
297,3491,3492,2
356,3492,3494,5
323,3494,3496,1
335,3496,3498,0
324,3498,3500,3
266,3500,3502,0
267,3502,3504,1
357,3504,3505,1
308,3505,3507,3
358,3507,3509,0
326,3509,3511,3
336,3511,3512,5
299,3512,3514,4
359,3514,3516,5
337,3516,3518,5
310,3518,3520,5
309,3520,3522,2
256,3522,3524,5
360,3524,3526,2
338,3526,3528,1
317,3528,3530,4
361,3530,3532,2
257,3532,3534,1
328,3534,3536,4
340,3536,3538,5
339,3538,3540,1
327,3540,3541,1
282,3541,3543,3
319,3543,3545,4
311,3545,3547,3
362,3547,3549,3
344,3549,3551,4
342,3551,3553,3
343,3553,3555,2
363,3555,3557,3
277,3557,3559,2
341,3559,3561,2
364,3561,3563,2
293,3563,3565,2
346,3565,3567,4
284,3567,3569,5
303,3569,3571,4
347,3571,3573,1
345,3573,3575,3
329,3575,3577,0
365,3577,3578,3
312,3578,3580,2
271,3580,3582,1
349,3582,3583,4
366,3583,3585,3
285,3585,3587,0
367,3587,3589,4
286,3589,3591,2
348,3591,3593,1
273,3593,3595,1
279,3595,3597,4
368,3597,3599,4
274,3599,3601,3
369,3601,3603,0
321,3603,3605,4
351,3605,3607,4
332,3607,3609,4
287,3609,3611,1
350,3611,3613,0
352,3613,3615,3
288,3615,3617,4
296,3617,3619,4
370,3619,3620,5
353,3620,3622,0
334,3622,3624,4
354,3624,3626,4
307,3626,3628,3
333,3628,3630,0
356,3630,3632,5
297,3632,3634,2
371,3634,3636,5
323,3636,3638,1
335,3638,3639,0
355,3639,3641,0
324,3641,3643,3
266,3643,3645,0
372,3645,3647,4
308,3647,3649,3
358,3649,3651,0
326,3651,3653,3
299,3653,3655,4
357,3655,3657,1
373,3657,3659,5
359,3659,3661,5
337,3661,3663,5
310,3663,3664,5
309,3664,3666,2
360,3666,3668,2
374,3668,3670,0
338,3670,3672,1
317,3672,3674,4
361,3674,3676,2
375,3676,3678,0
328,3678,3680,4
339,3680,3682,1
282,3682,3684,3
319,3684,3685,4
311,3685,3686,3
340,3686,3687,5
362,3687,3689,3
344,3689,3691,4
342,3691,3693,3
343,3693,3694,2
363,3694,3696,3
364,3696,3698,2
293,3698,3700,2
346,3700,3702,4
284,3702,3704,5
303,3704,3706,4
347,3706,3708,1
329,3708,3710,0
312,3710,3712,2
271,3712,3714,1
366,3714,3716,3
365,3716,3717,3
367,3717,3719,4
286,3719,3721,2
349,3721,3723,4
376,3723,3725,4
273,3725,3727,1
279,3727,3729,4
368,3729,3731,4
377,3731,3732,5
274,3732,3734,3
321,3734,3735,4
351,3735,3737,4
332,3737,3739,4
378,3739,3741,2
287,3741,3743,1
369,3743,3744,0
350,3744,3746,0
352,3746,3748,3
288,3748,3750,4
296,3750,3752,4
353,3752,3754,0
334,3754,3756,4
379,3756,3758,3
354,3758,3760,4
380,3760,3762,2
307,3762,3764,3
333,3764,3766,0
370,3766,3767,5
356,3767,3769,5
297,3769,3771,2
371,3771,3773,5
323,3773,3774,1
355,3774,3775,0
381,3775,3777,2
324,3777,3778,3
266,3778,3779,0
308,3779,3781,3
299,3781,3783,4
372,3783,3785,4
326,3785,3787,3
357,3787,3789,1
382,3789,3790,2
383,3790,3792,1
373,3792,3794,5
359,3794,3796,5
384,3796,3797,3
337,3797,3799,5
358,3799,3800,0
310,3800,3802,5
385,3802,3804,3
309,3804,3806,2
360,3806,3808,2
374,3808,3809,0
386,3809,3811,2
338,3811,3813,1
387,3813,3814,2
317,3814,3816,4
375,3816,3818,0
328,3818,3820,4
361,3820,3821,2
319,3821,3823,4
362,3823,3825,3
311,3825,3827,3
344,3827,3829,4
388,3829,3831,4
363,3831,3833,3
364,3833,3835,2
293,3835,3837,2
346,3837,3839,4
303,3839,3841,4
389,3841,3842,2
347,3842,3844,1
329,3844,3846,0
312,3846,3848,2
366,3848,3850,3
286,3850,3852,2
349,3852,3854,4
376,3854,3855,4
390,3855,3857,3
273,3857,3858,1
391,3858,3860,3
279,3860,3862,4
367,3862,3864,4
392,3864,3866,2
368,3866,3868,4
274,3868,3870,3
393,3870,3872,4
351,3872,3874,4
332,3874,3876,4
377,3876,3878,5
287,3878,3879,1
352,3879,3881,3
288,3881,3883,4
296,3883,3885,4
378,3885,3886,2
353,3886,3888,0
334,3888,3890,4
379,3890,3892,3
354,3892,3894,4
380,3894,3896,2
307,3896,3898,3
356,3898,3900,5
297,3900,3902,2
371,3902,3904,5
308,3904,3906,3
324,3906,3908,3
299,3908,3910,4
372,3910,3911,4
381,3911,3912,2
326,3912,3914,3
394,3914,3916,2
395,3916,3918,3
373,3918,3920,5
359,3920,3922,5
382,3922,3924,2
337,3924,3926,5
396,3926,3928,0
310,3928,3930,5
383,3930,3931,1
309,3931,3933,2
384,3933,3935,3
360,3935,3937,2
397,3937,3938,0
386,3938,3940,2
385,3940,3941,3
338,3941,3942,1
317,3942,3944,4
398,3944,3946,0
375,3946,3948,0
374,3948,3950,0
399,3950,3951,2
328,3951,3952,4
319,3952,3954,4
387,3954,3955,2
362,3955,3957,3
311,3957,3959,3
344,3959,3960,4
363,3960,3962,3
400,3962,3964,0
364,3964,3966,2
293,3966,3968,2
346,3968,3969,4
388,3969,3971,4
303,3971,3973,4
329,3973,3975,0
312,3975,3977,2
401,3977,3979,0
366,3979,3981,3
389,3981,3982,2
390,3982,3984,3
402,3984,3986,0
391,3986,3988,3
403,3988,3990,1
279,3990,3991,4
367,3991,3992,4
376,3992,3994,4
392,3994,3996,2
368,3996,3998,4
404,3998,4000,4
393,4000,4002,4
351,4002,4004,4
332,4004,4006,4
352,4006,4008,3
288,4008,4010,4
405,4010,4011,5
296,4011,4013,4
406,4013,4014,0
353,4014,4016,0
334,4016,4018,4
379,4018,4020,3
354,4020,4022,4
380,4022,4024,2
407,4024,4026,3
307,4026,4028,3
356,4028,4029,5
297,4029,4031,2
371,4031,4033,5
308,4033,4035,3
324,4035,4037,3
299,4037,4039,4
326,4039,4041,3
394,4041,4043,2
373,4043,4045,5
359,4045,4047,5
382,4047,4048,2
408,4048,4050,3
409,4050,4052,0
337,4052,4054,5
310,4054,4056,5
395,4056,4058,3
410,4058,4060,2
309,4060,4062,2
411,4062,4064,3
384,4064,4066,3
396,4066,4068,0
360,4068,4070,2
386,4070,4072,2
317,4072,4074,4
338,4074,4076,1
397,4076,4078,0
398,4078,4080,0
375,4080,4082,0
374,4082,4084,0
319,4084,4086,4
311,4086,4088,3
363,4088,4090,3
344,4090,4092,4
399,4092,4094,2
400,4094,4096,0
364,4096,4098,2
388,4098,4099,4
303,4099,4101,4
346,4101,4103,4
329,4103,4105,0
312,4105,4106,2
412,4106,4107,0
401,4107,4109,0
413,4109,4111,4
366,4111,4113,3
390,4113,4115,3
414,4115,4117,4
402,4117,4119,0
391,4119,4121,3
403,4121,4122,1
415,4122,4124,1
392,4124,4126,2
404,4126,4128,4
416,4128,4130,5
368,4130,4132,4
393,4132,4134,4
351,4134,4136,4
332,4136,4138,4
352,4138,4140,3
417,4140,4141,2
288,4141,4143,4
296,4143,4145,4
353,4145,4147,0
334,4147,4149,4
418,4149,4151,3
379,4151,4153,3
354,4153,4155,4
405,4155,4157,5
380,4157,4159,2
419,4159,4161,5
406,4161,4163,0
407,4163,4165,3
307,4165,4166,3
420,4166,4168,1
297,4168,4170,2
421,4170,4171,4
356,4171,4173,5
371,4173,4175,5
308,4175,4177,3
324,4177,4179,3
422,4179,4180,2
299,4180,4182,4
326,4182,4184,3
394,4184,4186,2
423,4186,4188,1
373,4188,4190,5
359,4190,4192,5
408,4192,4193,3
424,4193,4195,5
409,4195,4197,0
337,4197,4199,5
310,4199,4201,5
425,4201,4203,4
395,4203,4204,3
410,4204,4205,2
309,4205,4206,2
411,4206,4207,3
396,4207,4209,0
360,4209,4211,2
386,4211,4213,2
317,4213,4214,4
338,4214,4216,1
426,4216,4218,1
398,4218,4220,0
375,4220,4222,0
427,4222,4224,3
319,4224,4226,4
311,4226,4228,3
428,4228,4230,2
363,4230,4232,3
344,4232,4234,4
399,4234,4235,2
400,4235,4237,0
364,4237,4239,2
346,4239,4241,4
329,4241,4243,0
401,4243,4245,0
413,4245,4247,4
390,4247,4249,3
412,4249,4250,0
366,4250,4252,3
414,4252,4254,4
429,4254,4256,5
430,4256,4258,5
431,4258,4260,4
391,4260,4262,3
392,4262,4264,2
404,4264,4266,4
402,4266,4267,0
403,4267,4268,1
416,4268,4270,5
368,4270,4272,4
393,4272,4274,4
415,4274,4275,1
432,4275,4277,0
351,4277,4279,4
332,4279,4281,4
352,4281,4283,3
296,4283,4285,4
334,4285,4287,4
353,4287,4289,0
418,4289,4291,3
417,4291,4293,2
379,4293,4295,3
354,4295,4297,4
405,4297,4298,5
380,4298,4300,2
419,4300,4302,5
407,4302,4304,3
433,4304,4306,4
297,4306,4307,2
434,4307,4309,2
356,4309,4311,5
371,4311,4313,5
324,4313,4315,3
420,4315,4316,1
435,4316,4317,2
421,4317,4319,4
326,4319,4321,3
394,4321,4323,2
423,4323,4325,1
422,4325,4326,2
373,4326,4328,5
436,4328,4330,2
359,4330,4332,5
409,4332,4334,0
337,4334,4336,5
310,4336,4338,5
425,4338,4340,4
408,4340,4341,3
424,4341,4342,5
437,4342,4344,3
386,4344,4346,2
360,4346,4348,2
338,4348,4350,1
410,4350,4352,2
411,4352,4354,3
426,4354,4356,1
398,4356,4358,0
375,4358,4360,0
427,4360,4362,3
428,4362,4364,2
344,4364,4366,4
363,4366,4368,3
400,4368,4370,0
364,4370,4372,2
346,4372,4374,4
329,4374,4375,0
401,4375,4377,0
413,4377,4379,4
390,4379,4381,3
366,4381,4383,3
414,4383,4385,4
438,4385,4386,1
429,4386,4388,5
439,4388,4389,3
430,4389,4391,5
431,4391,4393,4
391,4393,4395,3
392,4395,4397,2
404,4397,4399,4
416,4399,4401,5
368,4401,4403,4
393,4403,4405,4
432,4405,4407,0
440,4407,4409,2
351,4409,4411,4
441,4411,4412,2
352,4412,4414,3
334,4414,4416,4
353,4416,4418,0
418,4418,4420,3
417,4420,4422,2
442,4422,4424,0
379,4424,4426,3
354,4426,4428,4
443,4428,4430,3
419,4430,4432,5
380,4432,4434,2
444,4434,4436,0
445,4436,4438,4
407,4438,4440,3
433,4440,4441,4
446,4441,4443,3
356,4443,4445,5
371,4445,4447,5
324,4447,4449,3
434,4449,4451,2
447,4451,4453,0
326,4453,4454,3
448,4454,4455,2
394,4455,4457,2
449,4457,4459,4
423,4459,4461,1
450,4461,4462,5
373,4462,4464,5
435,4464,4466,2
436,4466,4468,2
359,4468,4470,5
409,4470,4472,0
337,4472,4474,5
310,4474,4476,5
425,4476,4478,4
437,4478,4480,3
386,4480,4481,2
360,4481,4483,2
451,4483,4485,5
338,4485,4487,1
410,4487,4488,2
426,4488,4490,1
398,4490,4492,0
375,4492,4494,0
427,4494,4496,3
452,4496,4498,1
428,4498,4500,2
344,4500,4502,4
363,4502,4504,3
453,4504,4505,2
400,4505,4507,0
454,4507,4509,1
364,4509,4511,2
346,4511,4513,4
401,4513,4515,0
413,4515,4517,4
455,4517,4519,1
390,4519,4520,3
366,4520,4522,3
414,4522,4524,4
429,4524,4526,5
431,4526,4528,4
391,4528,4530,3
392,4530,4531,2
438,4531,4532,1
439,4532,4534,3
404,4534,4536,4
430,4536,4538,5
456,4538,4540,4
416,4540,4542,5
368,4542,4544,4
393,4544,4546,4
432,4546,4548,0
351,4548,4550,4
352,4550,4552,3
334,4552,4554,4
353,4554,4556,0
418,4556,4558,3
440,4558,4560,2
441,4560,4562,2
457,4562,4563,2
442,4563,4565,0
379,4565,4567,3
354,4567,4569,4
458,4569,4570,5
443,4570,4571,3
419,4571,4573,5
459,4573,4575,2
380,4575,4577,2
444,4577,4579,0
445,4579,4581,4
407,4581,4583,3
446,4583,4585,3
460,4585,4587,2
356,4587,4589,5
371,4589,4591,5
433,4591,4593,4
434,4593,4594,2
447,4594,4596,0
394,4596,4598,2
461,4598,4600,3
449,4600,4602,4
423,4602,4604,1
373,4604,4606,5
448,4606,4608,2
435,4608,4610,2
436,4610,4612,2
359,4612,4614,5
409,4614,4616,0
462,4616,4617,5
450,4617,4619,5
337,4619,4621,5
425,4621,4623,4
463,4623,4625,5
464,4625,4626,3
437,4626,4628,3
360,4628,4630,2
451,4630,4632,5
465,4632,4633,1
338,4633,4635,1
426,4635,4637,1
375,4637,4639,0
398,4639,4641,0
427,4641,4643,3
452,4643,4645,1
466,4645,4647,3
467,4647,4649,1
428,4649,4651,2
344,4651,4653,4
363,4653,4655,3
468,4655,4657,2
454,4657,4659,1
364,4659,4660,2
346,4660,4662,4
401,4662,4664,0
413,4664,4666,4
453,4666,4668,2
455,4668,4670,1
366,4670,4672,3
414,4672,4674,4
429,4674,4676,5
431,4676,4678,4
391,4678,4680,3
392,4680,4682,2
439,4682,4684,3
404,4684,4685,4
430,4685,4687,5
456,4687,4689,4
416,4689,4691,5
368,4691,4693,4
469,4693,4694,5
393,4694,4696,4
432,4696,4698,0
351,4698,4700,4
352,4700,4702,3
470,4702,4704,2
471,4704,4706,1
353,4706,4708,0
472,4708,4710,3
418,4710,4712,3
473,4712,4714,0
441,4714,4715,2
442,4715,4717,0
474,4717,4719,1
379,4719,4721,3
354,4721,4723,4
419,4723,4725,5
457,4725,4727,2
459,4727,4729,2
380,4729,4731,2
444,4731,4733,0
443,4733,4735,3
458,4735,4736,5
445,4736,4738,4
407,4738,4740,3
475,4740,4741,5
446,4741,4743,3
460,4743,4745,2
356,4745,4747,5
371,4747,4749,5
433,4749,4750,4
447,4750,4752,0
394,4752,4754,2
476,4754,4756,2
449,4756,4758,4
423,4758,4760,1
373,4760,4762,5
448,4762,4764,2
436,4764,4766,2
461,4766,4768,3
359,4768,4770,5
409,4770,4772,0
477,4772,4774,2
450,4774,4776,5
478,4776,4778,1
479,4778,4780,2
425,4780,4781,4
462,4781,4783,5
463,4783,4785,5
437,4785,4787,3
360,4787,4789,2
451,4789,4791,5
464,4791,4792,3
426,4792,4794,1
480,4794,4796,1
375,4796,4798,0
398,4798,4800,0
481,4800,4802,2
427,4802,4804,3
465,4804,4806,1
452,4806,4808,1
466,4808,4810,3
482,4810,4812,3
467,4812,4814,1
483,4814,4815,2
428,4815,4817,2
344,4817,4818,4
363,4818,4820,3
468,4820,4822,2
346,4822,4824,4
413,4824,4825,4
401,4825,4827,0
454,4827,4829,1
455,4829,4831,1
366,4831,4833,3
484,4833,4835,5
414,4835,4837,4
431,4837,4838,4
391,4838,4840,3
429,4840,4842,5
392,4842,4844,2
485,4844,4846,1
404,4846,4848,4
456,4848,4850,4
368,4850,4851,4
416,4851,4853,5
393,4853,4855,4
486,4855,4857,0
432,4857,4859,0
487,4859,4860,1
351,4860,4862,4
352,4862,4864,3
469,4864,4865,5
470,4865,4867,2
471,4867,4868,1
488,4868,4870,5
489,4870,4872,5
353,4872,4874,0
472,4874,4876,3
418,4876,4878,3
473,4878,4880,0
442,4880,4882,0
474,4882,4884,1
490,4884,4886,4
491,4886,4887,4
379,4887,4889,3
492,4889,4891,1
354,4891,4893,4
493,4893,4895,2
419,4895,4897,5
494,4897,4899,0
457,4899,4901,2
459,4901,4903,2
495,4903,4905,0
380,4905,4907,2
444,4907,4909,0
445,4909,4911,4
407,4911,4913,3
496,4913,4915,2
446,4915,4917,3
460,4917,4919,2
497,4919,4921,2
356,4921,4923,5
371,4923,4925,5
447,4925,4927,0
475,4927,4928,5
394,4928,4930,2
498,4930,4932,3
476,4932,4934,2
449,4934,4936,4
423,4936,4938,1
436,4938,4940,2
359,4940,4942,5
409,4942,4944,0
477,4944,4946,2
478,4946,4948,1
499,4948,4950,0
425,4950,4952,4
462,4952,4953,5
500,4953,4955,4
501,4955,4957,1
463,4957,4959,5
360,4959,4961,2
479,4961,4962,2
437,4962,4964,3
451,4964,4966,5
426,4966,4968,1
480,4968,4970,1
375,4970,4972,0
398,4972,4974,0
502,4974,4976,3
481,4976,4978,2
427,4978,4980,3
465,4980,4982,1
503,4982,4984,1
452,4984,4986,1
466,4986,4988,3
482,4988,4990,3
467,4990,4992,1
504,4992,4994,0
428,4994,4996,2
363,4996,4998,3
468,4998,5000,2
483,5000,5002,2
401,5002,5004,0
413,5004,5006,4
455,5006,5008,1
366,5008,5009,3
484,5009,5011,5
414,5011,5013,4
505,5013,5015,4
506,5015,5017,1
391,5017,5019,3
431,5019,5021,4
429,5021,5023,5
392,5023,5025,2
485,5025,5027,1
404,5027,5029,4
456,5029,5031,4
416,5031,5033,5
507,5033,5035,1
393,5035,5037,4
486,5037,5039,0
432,5039,5040,0
508,5040,5042,5
509,5042,5044,4
470,5044,5046,2
510,5046,5048,2
487,5048,5050,1
488,5050,5052,5
489,5052,5054,5
418,5054,5056,3
471,5056,5058,1
442,5058,5060,0
474,5060,5062,1
472,5062,5063,3
490,5063,5065,4
379,5065,5067,3
511,5067,5068,1
473,5068,5070,0
492,5070,5072,1
354,5072,5073,4
512,5073,5075,3
493,5075,5077,2
513,5077,5079,1
491,5079,5081,4
419,5081,5083,5
459,5083,5085,2
495,5085,5087,0
514,5087,5089,4
515,5089,5091,5
380,5091,5093,2
444,5093,5095,0
494,5095,5096,0
445,5096,5097,4
516,5097,5099,5
517,5099,5101,3
407,5101,5103,3
496,5103,5105,2
446,5105,5107,3
460,5107,5109,2
497,5109,5111,2
518,5111,5113,2
519,5113,5115,2
394,5115,5117,2
447,5117,5119,0
520,5119,5121,4
498,5121,5123,3
449,5123,5125,4
423,5125,5127,1
436,5127,5129,2
521,5129,5131,4
522,5131,5133,0
359,5133,5134,5
476,5134,5136,2
409,5136,5138,0
477,5138,5140,2
478,5140,5142,1
499,5142,5144,0
425,5144,5146,4
500,5146,5147,4
523,5147,5149,3
501,5149,5151,1
463,5151,5153,5
437,5153,5155,3
451,5155,5157,5
375,5157,5159,0
426,5159,5161,1
398,5161,5163,0
502,5163,5165,3
480,5165,5166,1
427,5166,5168,3
503,5168,5169,1
452,5169,5171,1
466,5171,5173,3
481,5173,5174,2
467,5174,5176,1
524,5176,5177,5
525,5177,5179,0
504,5179,5181,0
428,5181,5183,2
363,5183,5184,3
482,5184,5186,3
468,5186,5188,2
483,5188,5190,2
401,5190,5192,0
413,5192,5194,4
455,5194,5195,1
414,5195,5197,4
505,5197,5199,4
506,5199,5200,1
526,5200,5201,5
527,5201,5203,5
484,5203,5204,5
431,5204,5206,4
429,5206,5208,5
528,5208,5210,5
392,5210,5212,2
529,5212,5214,3
404,5214,5216,4
456,5216,5217,4
416,5217,5219,5
485,5219,5220,1
393,5220,5221,4
486,5221,5223,0
530,5223,5225,3
531,5225,5227,5
508,5227,5229,5
432,5229,5231,0
509,5231,5233,4
470,5233,5235,2
507,5235,5237,1
532,5237,5239,0
510,5239,5241,2
487,5241,5242,1
533,5242,5244,0
488,5244,5246,5
489,5246,5248,5
418,5248,5250,3
471,5250,5252,1
474,5252,5254,1
442,5254,5256,0
492,5256,5258,1
534,5258,5260,3
490,5260,5261,4
493,5261,5263,2
511,5263,5264,1
513,5264,5266,1
491,5266,5267,4
419,5267,5269,5
535,5269,5271,1
459,5271,5273,2
536,5273,5275,2
495,5275,5277,0
512,5277,5279,3
514,5279,5281,4
537,5281,5283,1
515,5283,5285,5
380,5285,5287,2
538,5287,5288,1
539,5288,5290,5
444,5290,5292,0
516,5292,5294,5
517,5294,5296,3
407,5296,5298,3
496,5298,5300,2
446,5300,5301,3
460,5301,5303,2
518,5303,5305,2
394,5305,5307,2
447,5307,5309,0
497,5309,5311,2
520,5311,5313,4
498,5313,5315,3
519,5315,5317,2
449,5317,5318,4
423,5318,5320,1
521,5320,5322,4
436,5322,5324,2
540,5324,5326,4
522,5326,5328,0
409,5328,5330,0
541,5330,5332,1
477,5332,5334,2
478,5334,5336,1
499,5336,5338,0
425,5338,5340,4
523,5340,5342,3
501,5342,5344,1
463,5344,5346,5
437,5346,5348,3
451,5348,5350,5
500,5350,5352,4
426,5352,5354,1
398,5354,5356,0
542,5356,5357,1
543,5357,5358,4
544,5358,5360,5
545,5360,5362,1
427,5362,5364,3
452,5364,5365,1
466,5365,5366,3
546,5366,5368,2
502,5368,5369,3
467,5369,5371,1
503,5371,5373,1
525,5373,5375,0
504,5375,5377,0
428,5377,5379,2
524,5379,5381,5
468,5381,5383,2
401,5383,5385,0
413,5385,5387,4
414,5387,5389,4
455,5389,5391,1
505,5391,5393,4
431,5393,5395,4
429,5395,5397,5
506,5397,5398,1
392,5398,5399,2
526,5399,5400,5
527,5400,5402,5
547,5402,5404,4
404,5404,5406,4
528,5406,5407,5
416,5407,5409,5
486,5409,5411,0
529,5411,5412,3
530,5412,5414,3
531,5414,5416,5
508,5416,5418,5
432,5418,5420,0
509,5420,5422,4
548,5422,5424,4
470,5424,5426,2
549,5426,5428,2
532,5428,5430,0
510,5430,5432,2
533,5432,5434,0
488,5434,5436,5
489,5436,5438,5
418,5438,5440,3
550,5440,5441,5
551,5441,5443,2
474,5443,5445,1
442,5445,5447,0
492,5447,5449,1
534,5449,5451,3
493,5451,5453,2
513,5453,5455,1
552,5455,5457,1
419,5457,5459,5
535,5459,5461,1
553,5461,5463,3
459,5463,5464,2
536,5464,5466,2
554,5466,5467,1
495,5467,5469,0
512,5469,5470,3
537,5470,5472,1
515,5472,5474,5
539,5474,5476,5
444,5476,5478,0
514,5478,5480,4
516,5480,5482,5
517,5482,5484,3
407,5484,5485,3
538,5485,5486,1
496,5486,5488,2
460,5488,5490,2
446,5490,5492,3
518,5492,5494,2
394,5494,5496,2
447,5496,5498,0
497,5498,5500,2
520,5500,5502,4
498,5502,5504,3
555,5504,5505,0
519,5505,5506,2
556,5506,5508,5
557,5508,5510,3
423,5510,5512,1
521,5512,5514,4
436,5514,5516,2
522,5516,5518,0
409,5518,5520,0
541,5520,5522,1
477,5522,5524,2
540,5524,5526,4
478,5526,5528,1
499,5528,5530,0
425,5530,5532,4
523,5532,5534,3
558,5534,5535,2
559,5535,5537,2
501,5537,5539,1
463,5539,5541,5
437,5541,5543,3
451,5543,5545,5
500,5545,5546,4
426,5546,5548,1
560,5548,5550,1
398,5550,5551,0
561,5551,5553,4
544,5553,5555,5
545,5555,5557,1
427,5557,5559,3
542,5559,5561,1
543,5561,5563,4
562,5563,5565,4
467,5565,5567,1
503,5567,5569,1
525,5569,5571,0
563,5571,5573,1
564,5573,5574,2
504,5574,5576,0
428,5576,5578,2
565,5578,5580,3
546,5580,5582,2
524,5582,5583,5
468,5583,5585,2
401,5585,5587,0
413,5587,5589,4
414,5589,5591,4
455,5591,5593,1
566,5593,5595,5
505,5595,5597,4
431,5597,5599,4
429,5599,5600,5
567,5600,5602,2
527,5602,5603,5
568,5603,5605,0
416,5605,5607,5
486,5607,5608,0
547,5608,5609,4
531,5609,5611,5
508,5611,5613,5
432,5613,5615,0
509,5615,5617,4
530,5617,5618,3
548,5618,5620,4
549,5620,5621,2
470,5621,5623,2
532,5623,5625,0
510,5625,5627,2
533,5627,5629,0
569,5629,5631,4
488,5631,5633,5
418,5633,5634,3
489,5634,5636,5
551,5636,5638,2
474,5638,5640,1
570,5640,5641,2
442,5641,5643,0
492,5643,5645,1
534,5645,5647,3
550,5647,5648,5
571,5648,5650,1
493,5650,5652,2
513,5652,5654,1
552,5654,5656,1
419,5656,5658,5
535,5658,5660,1
553,5660,5662,3
536,5662,5664,2
459,5664,5666,2
495,5666,5668,0
572,5668,5670,0
515,5670,5672,5
554,5672,5673,1
573,5673,5674,5
574,5674,5676,5
444,5676,5678,0
514,5678,5680,4
537,5680,5682,1
516,5682,5684,5
517,5684,5686,3
575,5686,5687,0
539,5687,5689,5
496,5689,5691,2
446,5691,5693,3
460,5693,5695,2
518,5695,5697,2
394,5697,5699,2
447,5699,5701,0
576,5701,5703,4
577,5703,5705,2
520,5705,5707,4
498,5707,5709,3
556,5709,5711,5
578,5711,5713,1
579,5713,5715,2
557,5715,5717,3
423,5717,5718,1
521,5718,5720,4
555,5720,5722,0
436,5722,5724,2
580,5724,5726,3
522,5726,5728,0
541,5728,5730,1
477,5730,5732,2
478,5732,5734,1
499,5734,5736,0
425,5736,5737,4
581,5737,5738,1
523,5738,5740,3
559,5740,5742,2
463,5742,5744,5
437,5744,5746,3
451,5746,5748,5
558,5748,5750,2
426,5750,5752,1
560,5752,5754,1
582,5754,5755,5
561,5755,5757,4
544,5757,5759,5
583,5759,5761,2
545,5761,5763,1
542,5763,5764,1
584,5764,5766,2
543,5766,5768,4
562,5768,5770,4
467,5770,5772,1
525,5772,5774,0
563,5774,5776,1
504,5776,5778,0
585,5778,5780,2
428,5780,5782,2
565,5782,5784,3
546,5784,5786,2
564,5786,5787,2
586,5787,5789,4
401,5789,5791,0
413,5791,5793,4
468,5793,5795,2
414,5795,5797,4
455,5797,5799,1
505,5799,5801,4
431,5801,5803,4
587,5803,5805,3
567,5805,5807,2
566,5807,5809,5
568,5809,5811,0
416,5811,5812,5
588,5812,5814,0
531,5814,5816,5
486,5816,5818,0
508,5818,5820,5
432,5820,5822,0
589,5822,5824,4
509,5824,5826,4
548,5826,5828,4
470,5828,5830,2
532,5830,5832,0
510,5832,5833,2
590,5833,5835,0
533,5835,5837,0
549,5837,5839,2
591,5839,5840,3
569,5840,5842,4
592,5842,5844,4
488,5844,5846,5
593,5846,5848,2
489,5848,5850,5
551,5850,5852,2
474,5852,5854,1
594,5854,5856,3
442,5856,5858,0
492,5858,5860,1
534,5860,5862,3
571,5862,5864,1
493,5864,5866,2
570,5866,5868,2
595,5868,5870,2
596,5870,5871,2
513,5871,5873,1
552,5873,5875,1
597,5875,5876,4
419,5876,5878,5
535,5878,5880,1
553,5880,5882,3
536,5882,5884,2
459,5884,5886,2
598,5886,5887,3
495,5887,5888,0
572,5888,5890,0
515,5890,5892,5
574,5892,5894,5
444,5894,5896,0
599,5896,5897,2
537,5897,5898,1
516,5898,5900,5
573,5900,5902,5
600,5902,5904,5
539,5904,5905,5
496,5905,5906,2
601,5906,5907,5
446,5907,5909,3
460,5909,5911,2
518,5911,5913,2
575,5913,5914,0
602,5914,5915,1
447,5915,5917,0
576,5917,5919,4
577,5919,5921,2
520,5921,5923,4
498,5923,5925,3
556,5925,5927,5
603,5927,5929,0
579,5929,5931,2
557,5931,5933,3
604,5933,5935,1
555,5935,5936,0
578,5936,5938,1
521,5938,5940,4
605,5940,5942,5
436,5942,5944,2
580,5944,5946,3
522,5946,5947,0
541,5947,5949,1
477,5949,5951,2
478,5951,5953,1
499,5953,5955,0
523,5955,5957,3
559,5957,5959,2
463,5959,5961,5
437,5961,5962,3
451,5962,5964,5
581,5964,5965,1
606,5965,5967,0
558,5967,5968,2
426,5968,5969,1
560,5969,5971,1
561,5971,5973,4
607,5973,5975,2
544,5975,5977,5
583,5977,5979,2
545,5979,5981,1
584,5981,5983,2
608,5983,5985,1
582,5985,5986,5
562,5986,5988,4
467,5988,5990,1
525,5990,5992,0
563,5992,5994,1
504,5994,5996,0
585,5996,5998,2
565,5998,6000,3
609,6000,6002,1
586,6002,6003,4
610,6003,6005,3
468,6005,6007,2
455,6007,6009,1
431,6009,6011,4
587,6011,6012,3
567,6012,6014,2
566,6014,6016,5
568,6016,6018,0
611,6018,6019,5
612,6019,6021,2
588,6021,6023,0
531,6023,6025,5
486,6025,6027,0
508,6027,6029,5
432,6029,6031,0
589,6031,6032,4
548,6032,6034,4
470,6034,6036,2
532,6036,6038,0
613,6038,6040,2
590,6040,6042,0
533,6042,6043,0
614,6043,6045,2
615,6045,6047,2
569,6047,6049,4
488,6049,6051,5
593,6051,6053,2
489,6053,6055,5
551,6055,6057,2
591,6057,6058,3
474,6058,6060,1
592,6060,6062,4
594,6062,6063,3
616,6063,6065,0
442,6065,6067,0
534,6067,6069,3
492,6069,6071,1
571,6071,6073,1
570,6073,6074,2
513,6074,6075,1
552,6075,6077,1
419,6077,6078,5
535,6078,6079,1
553,6079,6081,3
595,6081,6083,2
596,6083,6085,2
536,6085,6087,2
459,6087,6089,2
597,6089,6091,4
572,6091,6093,0
515,6093,6094,5
574,6094,6096,5
444,6096,6098,0
617,6098,6100,5
598,6100,6101,3
573,6101,6103,5
618,6103,6105,1
516,6105,6107,5
600,6107,6109,5
599,6109,6110,2
619,6110,6112,1
446,6112,6114,3
460,6114,6116,2
518,6116,6118,2
620,6118,6120,0
621,6120,6122,4
576,6122,6124,4
601,6124,6126,5
577,6126,6128,2
520,6128,6130,4
498,6130,6132,3
602,6132,6134,1
556,6134,6136,5
603,6136,6138,0
579,6138,6140,2
557,6140,6142,3
604,6142,6144,1
578,6144,6146,1
622,6146,6148,2
521,6148,6150,4
623,6150,6152,0
580,6152,6154,3
624,6154,6156,4
541,6156,6157,1
477,6157,6159,2
605,6159,6161,5
478,6161,6163,1
523,6163,6165,3
559,6165,6167,2
463,6167,6169,5
451,6169,6171,5
606,6171,6173,0
560,6173,6175,1
561,6175,6177,4
544,6177,6179,5
583,6179,6181,2
545,6181,6183,1
584,6183,6185,2
608,6185,6187,1
607,6187,6188,2
562,6188,6190,4
467,6190,6192,1
525,6192,6194,0
563,6194,6196,1
504,6196,6198,0
565,6198,6200,3
625,6200,6202,5
609,6202,6204,1
468,6204,6206,2
455,6206,6207,1
585,6207,6209,2
586,6209,6211,4
567,6211,6213,2
610,6213,6215,3
568,6215,6217,0
587,6217,6219,3
588,6219,6221,0
531,6221,6223,5
486,6223,6225,0
611,6225,6227,5
508,6227,6229,5
612,6229,6231,2
432,6231,6233,0
548,6233,6235,4
470,6235,6237,2
626,6237,6239,2
627,6239,6241,0
589,6241,6242,4
590,6242,6244,0
614,6244,6246,2
533,6246,6248,0
615,6248,6250,2
613,6250,6252,2
569,6252,6254,4
488,6254,6256,5
593,6256,6258,2
489,6258,6260,5
551,6260,6262,2
474,6262,6264,1
616,6264,6266,0
628,6266,6268,1
629,6268,6269,5
442,6269,6271,0
534,6271,6273,3
492,6273,6275,1
594,6275,6276,3
571,6276,6278,1
552,6278,6280,1
513,6280,6282,1
535,6282,6284,1
553,6284,6285,3
596,6285,6286,2
536,6286,6288,2
459,6288,6290,2
597,6290,6291,4
572,6291,6293,0
515,6293,6295,5
574,6295,6297,5
444,6297,6299,0
617,6299,6301,5
618,6301,6303,1
516,6303,6305,5
600,6305,6307,5
619,6307,6309,1
460,6309,6311,2
620,6311,6313,0
518,6313,6315,2
621,6315,6317,4
576,6317,6319,4
601,6319,6321,5
577,6321,6323,2
520,6323,6325,4
498,6325,6327,3
602,6327,6329,1
630,6329,6330,0
631,6330,6332,1
556,6332,6334,5
603,6334,6336,0
579,6336,6338,2
557,6338,6339,3
604,6339,6341,1
622,6341,6343,2
521,6343,6345,4
623,6345,6346,0
632,6346,6348,1
580,6348,6350,3
633,6350,6352,4
624,6352,6354,4
477,6354,6356,2
541,6356,6358,1
605,6358,6359,5
478,6359,6361,1
523,6361,6363,3
463,6363,6365,5
451,6365,6366,5
606,6366,6368,0
634,6368,6370,2
560,6370,6372,1
561,6372,6374,4
583,6374,6376,2
544,6376,6378,5
545,6378,6380,1
635,6380,6381,5
584,6381,6383,2
608,6383,6385,1
467,6385,6387,1
636,6387,6389,2
563,6389,6391,1
504,6391,6393,0
565,6393,6394,3
625,6394,6396,5
609,6396,6398,1
468,6398,6400,2
637,6400,6402,3
585,6402,6404,2
567,6404,6406,2
610,6406,6408,3
568,6408,6410,0
638,6410,6412,5
587,6412,6413,3
588,6413,6415,0
486,6415,6417,0
531,6417,6419,5
611,6419,6421,5
508,6421,6423,5
612,6423,6425,2
639,6425,6426,2
548,6426,6428,4
640,6428,6430,0
627,6430,6432,0
641,6432,6434,2
590,6434,6436,0
614,6436,6438,2
626,6438,6439,2
533,6439,6441,0
615,6441,6443,2
569,6443,6444,4
593,6444,6446,2
489,6446,6447,5
551,6447,6449,2
474,6449,6451,1
616,6451,6453,0
628,6453,6455,1
642,6455,6457,0
643,6457,6459,4
492,6459,6461,1
534,6461,6463,3
629,6463,6465,5
571,6465,6467,1
552,6467,6468,1
644,6468,6470,5
513,6470,6472,1
535,6472,6474,1
645,6474,6475,3
553,6475,6477,3
536,6477,6479,2
646,6479,6481,5
572,6481,6482,0
515,6482,6484,5
574,6484,6485,5
647,6485,6487,2
648,6487,6489,2
618,6489,6491,1
516,6491,6493,5
600,6493,6495,5
619,6495,6497,1
617,6497,6499,5
518,6499,6501,2
621,6501,6503,4
649,6503,6505,5
576,6505,6507,4
650,6507,6509,2
620,6509,6511,0
577,6511,6512,2
520,6512,6514,4
498,6514,6516,3
651,6516,6518,1
631,6518,6520,1
556,6520,6522,5
603,6522,6524,0
579,6524,6526,2
652,6526,6528,0
604,6528,6530,1
630,6530,6531,0
557,6531,6533,3
521,6533,6535,4
632,6535,6536,1
580,6536,6538,3
622,6538,6540,2
653,6540,6541,4
633,6541,6543,4
623,6543,6545,0
624,6545,6547,4
654,6547,6549,2
477,6549,6551,2
655,6551,6553,2
541,6553,6555,1
523,6555,6557,3
463,6557,6558,5
606,6558,6560,0
634,6560,6562,2
656,6562,6564,3
561,6564,6566,4
560,6566,6568,1
583,6568,6570,2
544,6570,6572,5
545,6572,6574,1
584,6574,6576,2
608,6576,6578,1
657,6578,6580,3
658,6580,6582,3
467,6582,6584,1
659,6584,6586,1
636,6586,6588,2
504,6588,6590,0
635,6590,6592,5
625,6592,6594,5
565,6594,6596,3
660,6596,6598,2
609,6598,6600,1
637,6600,6601,3
567,6601,6602,2
568,6602,6603,0
588,6603,6605,0
486,6605,6607,0
531,6607,6609,5
638,6609,6610,5
508,6610,6612,5
548,6612,6614,4
640,6614,6616,0
627,6616,6618,0
590,6618,6619,0
639,6619,6621,2
614,6621,6623,2
533,6623,6625,0
615,6625,6627,2
641,6627,6629,2
593,6629,6631,2
661,6631,6633,2
662,6633,6635,2
551,6635,6637,2
616,6637,6639,0
628,6639,6641,1
642,6641,6643,0
643,6643,6645,4
492,6645,6647,1
534,6647,6649,3
663,6649,6651,5
664,6651,6652,4
644,6652,6654,5
571,6654,6656,1
513,6656,6658,1
535,6658,6660,1
553,6660,6662,3
536,6662,6664,2
646,6664,6666,5
665,6666,6668,5
666,6668,6670,1
515,6670,6672,5
572,6672,6674,0
645,6674,6676,3
574,6676,6678,5
667,6678,6679,1
647,6679,6681,2
668,6681,6682,3
618,6682,6684,1
516,6684,6686,5
669,6686,6688,3
619,6688,6690,1
648,6690,6692,2
600,6692,6694,5
617,6694,6696,5
518,6696,6698,2
621,6698,6700,4
649,6700,6702,5
576,6702,6704,4
670,6704,6706,5
650,6706,6708,2
620,6708,6709,0
671,6709,6710,4
520,6710,6711,4
651,6711,6713,1
556,6713,6715,5
603,6715,6717,0
579,6717,6719,2
652,6719,6721,0
631,6721,6723,1
604,6723,6724,1
557,6724,6726,3
521,6726,6728,4
622,6728,6730,2
633,6730,6732,4
623,6732,6733,0
632,6733,6735,1
624,6735,6737,4
653,6737,6739,4
654,6739,6740,2
477,6740,6741,2
655,6741,6743,2
541,6743,6745,1
523,6745,6747,3
634,6747,6749,2
606,6749,6751,0
672,6751,6752,1
561,6752,6754,4
560,6754,6756,1
544,6756,6758,5
583,6758,6760,2
545,6760,6762,1
584,6762,6763,2
656,6763,6765,3
608,6765,6767,1
657,6767,6769,3
658,6769,6771,3
659,6771,6773,1
636,6773,6775,2
504,6775,6777,0
635,6777,6778,5
673,6778,6780,4
625,6780,6782,5
565,6782,6784,3
660,6784,6786,2
674,6786,6787,2
609,6787,6788,1
675,6788,6790,0
567,6790,6792,2
568,6792,6794,0
588,6794,6796,0
486,6796,6797,0
531,6797,6799,5
508,6799,6801,5
637,6801,6803,3
548,6803,6805,4
640,6805,6807,0
627,6807,6809,0
639,6809,6810,2
590,6810,6812,0
533,6812,6814,0
614,6814,6816,2
615,6816,6817,2
593,6817,6818,2
661,6818,6820,2
662,6820,6822,2
551,6822,6824,2
676,6824,6826,5
616,6826,6828,0
628,6828,6830,1
643,6830,6832,4
677,6832,6834,4
534,6834,6836,3
663,6836,6838,5
644,6838,6840,5
642,6840,6842,0
571,6842,6844,1
513,6844,6846,1
535,6846,6848,1
553,6848,6850,3
664,6850,6851,4
536,6851,6853,2
646,6853,6855,5
665,6855,6857,5
666,6857,6859,1
515,6859,6861,5
572,6861,6863,0
574,6863,6865,5
647,6865,6867,2
678,6867,6868,3
679,6868,6869,2
618,6869,6871,1
516,6871,6873,5
669,6873,6875,3
619,6875,6877,1
667,6877,6878,1
648,6878,6880,2
600,6880,6882,5
668,6882,6884,3
518,6884,6886,2
621,6886,6888,4
680,6888,6890,5
576,6890,6892,4
649,6892,6894,5
651,6894,6896,1
556,6896,6898,5
670,6898,6900,5
603,6900,6902,0
650,6902,6903,2
652,6903,6905,0
671,6905,6906,4
631,6906,6907,1
681,6907,6909,3
557,6909,6911,3
604,6911,6913,1
682,6913,6915,1
633,6915,6917,4
624,6917,6919,4
653,6919,6920,4
683,6920,6922,1
655,6922,6924,2
684,6924,6926,0
541,6926,6928,1
634,6928,6930,2
654,6930,6932,2
606,6932,6934,0
561,6934,6936,4
560,6936,6938,1
544,6938,6940,5
685,6940,6942,4
583,6942,6944,2
672,6944,6946,1
545,6946,6948,1
656,6948,6950,3
584,6950,6952,2
657,6952,6954,3
608,6954,6956,1
658,6956,6958,3
659,6958,6960,1
636,6960,6962,2
504,6962,6963,0
673,6963,6965,4
686,6965,6967,5
625,6967,6969,5
565,6969,6971,3
609,6971,6973,1
675,6973,6975,0
567,6975,6977,2
687,6977,6979,5
568,6979,6981,0
674,6981,6983,2
660,6983,6984,2
531,6984,6986,5
688,6986,6987,4
689,6987,6988,1
508,6988,6990,5
637,6990,6991,3
548,6991,6993,4
640,6993,6995,0
690,6995,6997,2
627,6997,6999,0
691,6999,7001,0
590,7001,7003,0
533,7003,7004,0
614,7004,7006,2
593,7006,7008,2
615,7008,7010,2
661,7010,7012,2
692,7012,7014,5
662,7014,7016,2
551,7016,7018,2
676,7018,7020,5
693,7020,7021,4
616,7021,7022,0
628,7022,7024,1
643,7024,7026,4
677,7026,7028,4
534,7028,7030,3
694,7030,7032,4
663,7032,7034,5
644,7034,7036,5
695,7036,7038,5
571,7038,7040,1
513,7040,7042,1
535,7042,7044,1
553,7044,7046,3
536,7046,7048,2
646,7048,7050,5
696,7050,7052,4
666,7052,7054,1
697,7054,7055,5
515,7055,7056,5
572,7056,7058,0
574,7058,7060,5
665,7060,7061,5
647,7061,7063,2
698,7063,7065,3
618,7065,7067,1
699,7067,7069,1
516,7069,7070,5
669,7070,7072,3
700,7072,7074,4
619,7074,7076,1
678,7076,7078,3
679,7078,7080,2
600,7080,7082,5
701,7082,7083,3
668,7083,7084,3
518,7084,7086,2
680,7086,7088,5
576,7088,7090,4
621,7090,7092,4
651,7092,7094,1
556,7094,7096,5
670,7096,7098,5
603,7098,7100,0
652,7100,7102,0
702,7102,7104,0
681,7104,7106,3
557,7106,7108,3
604,7108,7110,1
682,7110,7112,1
703,7112,7113,3
633,7113,7115,4
704,7115,7117,5
624,7117,7119,4
655,7119,7121,2
684,7121,7123,0
541,7123,7125,1
654,7125,7126,2
634,7126,7128,2
683,7128,7130,1
606,7130,7132,0
561,7132,7134,4
560,7134,7136,1
685,7136,7138,4
705,7138,7140,3
706,7140,7142,3
583,7142,7144,2
707,7144,7146,1
545,7146,7148,1
584,7148,7150,2
657,7150,7152,3
608,7152,7154,1
658,7154,7156,3
659,7156,7158,1
636,7158,7160,2
708,7160,7162,0
673,7162,7164,4
686,7164,7166,5
625,7166,7168,5
565,7168,7170,3
709,7170,7172,5
609,7172,7174,1
710,7174,7176,4
675,7176,7178,0
567,7178,7180,2
711,7180,7182,0
687,7182,7184,5
568,7184,7186,0
531,7186,7188,5
508,7188,7190,5
712,7190,7192,2
548,7192,7194,4
688,7194,7196,4
690,7196,7198,2
640,7198,7200,0
627,7200,7202,0
689,7202,7204,1
691,7204,7206,0
590,7206,7208,0
614,7208,7210,2
713,7210,7212,3
593,7212,7214,2
615,7214,7216,2
661,7216,7218,2
714,7218,7219,4
692,7219,7221,5
715,7221,7223,2
662,7223,7225,2
551,7225,7227,2
676,7227,7229,5
628,7229,7231,1
616,7231,7233,0
716,7233,7235,0
643,7235,7237,4
677,7237,7239,4
693,7239,7241,4
717,7241,7243,1
694,7243,7245,4
663,7245,7247,5
644,7247,7249,5
695,7249,7251,5
571,7251,7253,1
553,7253,7255,3
646,7255,7257,5
696,7257,7258,4
666,7258,7260,1
718,7260,7261,5
572,7261,7263,0
574,7263,7265,5
647,7265,7267,2
697,7267,7269,5
698,7269,7271,3
618,7271,7273,1
719,7273,7275,1
669,7275,7277,3
700,7277,7279,4
720,7279,7281,2
678,7281,7282,3
679,7282,7284,2
699,7284,7285,1
600,7285,7287,5
518,7287,7289,2
680,7289,7291,5
721,7291,7293,3
576,7293,7295,4
722,7295,7297,1
621,7297,7299,4
651,7299,7301,1
701,7301,7303,3
556,7303,7305,5
603,7305,7307,0
652,7307,7309,0
702,7309,7311,0
681,7311,7313,3
557,7313,7315,3
604,7315,7317,1
682,7317,7319,1
633,7319,7321,4
704,7321,7323,5
624,7323,7325,4
723,7325,7327,5
655,7327,7329,2
724,7329,7331,5
703,7331,7333,3
541,7333,7335,1
634,7335,7337,2
683,7337,7338,1
684,7338,7340,0
606,7340,7342,0
725,7342,7344,3
726,7344,7346,5
561,7346,7347,4
685,7347,7349,4
705,7349,7351,3
583,7351,7353,2
707,7353,7354,1
545,7354,7356,1
584,7356,7358,2
657,7358,7360,3
706,7360,7362,3
608,7362,7364,1
658,7364,7365,3
659,7365,7367,1
727,7367,7369,4
728,7369,7371,0
636,7371,7373,2
708,7373,7375,0
673,7375,7377,4
565,7377,7379,3
625,7379,7381,5
709,7381,7382,5
729,7382,7384,1
609,7384,7386,1
686,7386,7388,5
710,7388,7390,4
675,7390,7392,0
567,7392,7394,2
711,7394,7395,0
687,7395,7397,5
568,7397,7399,0
531,7399,7400,5
688,7400,7402,4
730,7402,7404,4
640,7404,7406,0
731,7406,7408,2
712,7408,7410,2
627,7410,7412,0
691,7412,7414,0
590,7414,7416,0
690,7416,7417,2
614,7417,7419,2
713,7419,7421,3
593,7421,7423,2
615,7423,7425,2
661,7425,7426,2
692,7426,7428,5
715,7428,7430,2
662,7430,7432,2
551,7432,7434,2
676,7434,7436,5
714,7436,7438,4
732,7438,7440,5
628,7440,7442,1
616,7442,7444,0
716,7444,7446,0
643,7446,7448,4
677,7448,7450,4
717,7450,7452,1
694,7452,7454,4
663,7454,7455,5
644,7455,7457,5
733,7457,7458,5
695,7458,7460,5
571,7460,7462,1
666,7462,7464,1
646,7464,7466,5
572,7466,7468,0
734,7468,7470,0
574,7470,7472,5
647,7472,7473,2
696,7473,7475,4
618,7475,7477,1
718,7477,7478,5
719,7478,7479,1
669,7479,7481,3
698,7481,7482,3
720,7482,7484,2
600,7484,7486,5
700,7486,7488,4
680,7488,7490,5
721,7490,7492,3
576,7492,7494,4
621,7494,7496,4
651,7496,7498,1
735,7498,7500,3
603,7500,7502,0
652,7502,7504,0
722,7504,7505,1
702,7505,7507,0
681,7507,7509,3
736,7509,7511,3
557,7511,7513,3
604,7513,7515,1
682,7515,7517,1
633,7517,7519,4
704,7519,7521,5
624,7521,7523,4
723,7523,7525,5
737,7525,7527,1
655,7527,7528,2
724,7528,7529,5
703,7529,7530,3
634,7530,7532,2
606,7532,7534,0
725,7534,7536,3
726,7536,7538,5
738,7538,7540,4
685,7540,7542,4
705,7542,7544,3
545,7544,7545,1
739,7545,7547,0
584,7547,7549,2
657,7549,7551,3
706,7551,7553,3
608,7553,7555,1
707,7555,7556,1
659,7556,7558,1
658,7558,7560,3
727,7560,7562,4
728,7562,7563,0
740,7563,7565,0
708,7565,7567,0
673,7567,7569,4
625,7569,7571,5
729,7571,7573,1
741,7573,7575,2
609,7575,7577,1
686,7577,7578,5
710,7578,7580,4
742,7580,7582,2
675,7582,7583,0
709,7583,7585,5
567,7585,7587,2
687,7587,7589,5
743,7589,7591,2
568,7591,7593,0
640,7593,7595,0
711,7595,7596,0
627,7596,7598,0
691,7598,7600,0
730,7600,7601,4
590,7601,7603,0
614,7603,7604,2
731,7604,7606,2
713,7606,7608,3
744,7608,7610,2
593,7610,7612,2
615,7612,7614,2
661,7614,7616,2
692,7616,7618,5
715,7618,7620,2
551,7620,7622,2
662,7622,7624,2
676,7624,7626,5
714,7626,7627,4
732,7627,7629,5
628,7629,7631,1
616,7631,7633,0
716,7633,7635,0
643,7635,7637,4
677,7637,7639,4
717,7639,7641,1
694,7641,7643,4
745,7643,7645,3
644,7645,7647,5
695,7647,7649,5
666,7649,7651,1
646,7651,7653,5
733,7653,7654,5
572,7654,7656,0
574,7656,7658,5
696,7658,7660,4
647,7660,7662,2
618,7662,7663,1
734,7663,7664,0
669,7664,7666,3
720,7666,7668,2
600,7668,7670,5
719,7670,7671,1
700,7671,7673,4
680,7673,7675,5
746,7675,7677,4
621,7677,7679,4
735,7679,7681,3
603,7681,7683,0
651,7683,7685,1
721,7685,7686,3
652,7686,7688,0
702,7688,7690,0
681,7690,7692,3
736,7692,7694,3
747,7694,7696,1
682,7696,7698,1
633,7698,7700,4
704,7700,7702,5
624,7702,7704,4
748,7704,7706,1
737,7706,7708,1
655,7708,7710,2
634,7710,7712,2
749,7712,7714,2
725,7714,7716,3
723,7716,7717,5
724,7717,7718,5
726,7718,7720,5
738,7720,7722,4
685,7722,7724,4
750,7724,7725,0
705,7725,7727,3
739,7727,7729,0
584,7729,7731,2
657,7731,7733,3
751,7733,7735,3
608,7735,7737,1
752,7737,7739,2
658,7739,7741,3
659,7741,7743,1
740,7743,7745,0
708,7745,7747,0
673,7747,7749,4
625,7749,7751,5
728,7751,7752,0
727,7752,7753,4
729,7753,7755,1
753,7755,7757,3
741,7757,7759,2
609,7759,7761,1
754,7761,7763,3
755,7763,7765,2
710,7765,7767,4
742,7767,7769,2
756,7769,7771,3
757,7771,7773,3
675,7773,7775,0
567,7775,7777,2
687,7777,7779,5
758,7779,7781,1
743,7781,7783,2
759,7783,7785,4
568,7785,7786,0
640,7786,7788,0
627,7788,7790,0
760,7790,7792,0
691,7792,7794,0
590,7794,7795,0
713,7795,7797,3
744,7797,7799,2
593,7799,7801,2
615,7801,7803,2
661,7803,7805,2
715,7805,7807,2
692,7807,7809,5
662,7809,7811,2
761,7811,7812,0
676,7812,7813,5
762,7813,7815,1
732,7815,7817,5
616,7817,7819,0
716,7819,7821,0
643,7821,7823,4
677,7823,7825,4
717,7825,7827,1
694,7827,7829,4
745,7829,7831,3
763,7831,7833,4
644,7833,7835,5
695,7835,7837,5
646,7837,7839,5
764,7839,7841,2
765,7841,7843,5
647,7843,7845,2
669,7845,7847,3
720,7847,7849,2
766,7849,7850,5
680,7850,7852,5
767,7852,7854,2
746,7854,7856,4
621,7856,7858,4
735,7858,7860,3
603,7860,7862,0
768,7862,7864,3
651,7864,7866,1
769,7866,7868,5
652,7868,7870,0
702,7870,7872,0
681,7872,7874,3
747,7874,7876,1
682,7876,7878,1
633,7878,7880,4
770,7880,7882,3
704,7882,7884,5
736,7884,7885,3
748,7885,7887,1
737,7887,7889,1
655,7889,7891,2
634,7891,7893,2
771,7893,7895,2
725,7895,7897,3
726,7897,7899,5
772,7899,7901,4
738,7901,7903,4
685,7903,7905,4
749,7905,7906,2
705,7906,7908,3
739,7908,7910,0
773,7910,7911,3
584,7911,7912,2
774,7912,7914,2
657,7914,7916,3
775,7916,7917,1
751,7917,7919,3
750,7919,7920,0
608,7920,7922,1
752,7922,7924,2
658,7924,7926,3
659,7926,7928,1
776,7928,7930,3
740,7930,7932,0
708,7932,7934,0
625,7934,7936,5
673,7936,7938,4
729,7938,7940,1
753,7940,7941,3
741,7941,7943,2
754,7943,7945,3
755,7945,7947,2
777,7947,7949,1
710,7949,7951,4
742,7951,7953,2
778,7953,7955,1
756,7955,7957,3
757,7957,7959,3
675,7959,7961,0
687,7961,7962,5
758,7962,7964,1
743,7964,7966,2
759,7966,7968,4
779,7968,7970,3
640,7970,7972,0
627,7972,7974,0
760,7974,7976,0
691,7976,7977,0
713,7977,7979,3
744,7979,7981,2
780,7981,7983,0
781,7983,7985,4
782,7985,7987,4
661,7987,7989,2
783,7989,7991,5
715,7991,7993,2
692,7993,7995,5
662,7995,7997,2
676,7997,7999,5
762,7999,8001,1
732,8001,8003,5
616,8003,8005,0
761,8005,8007,0
716,8007,8009,0
784,8009,8011,1
677,8011,8013,4
785,8013,8014,5
717,8014,8016,1
694,8016,8018,4
745,8018,8020,3
763,8020,8022,4
786,8022,8024,4
644,8024,8026,5
695,8026,8027,5
646,8027,8029,5
764,8029,8030,2
787,8030,8032,0
765,8032,8033,5
647,8033,8035,2
669,8035,8037,3
720,8037,8039,2
680,8039,8041,5
767,8041,8043,2
746,8043,8045,4
788,8045,8047,2
621,8047,8049,4
735,8049,8051,3
766,8051,8053,5
603,8053,8055,0
768,8055,8057,3
651,8057,8059,1
769,8059,8061,5
652,8061,8063,0
702,8063,8064,0
747,8064,8066,1
681,8066,8068,3
633,8068,8070,4
682,8070,8072,1
770,8072,8074,3
737,8074,8076,1
789,8076,8077,3
655,8077,8079,2
634,8079,8080,2
771,8080,8082,2
725,8082,8083,3
726,8083,8085,5
748,8085,8087,1
772,8087,8089,4
738,8089,8091,4
705,8091,8093,3
790,8093,8095,3
685,8095,8097,4
739,8097,8099,0
791,8099,8101,2
774,8101,8103,2
657,8103,8105,3
751,8105,8107,3
773,8107,8108,3
752,8108,8110,2
658,8110,8112,3
775,8112,8114,1
659,8114,8116,1
776,8116,8118,3
740,8118,8120,0
792,8120,8122,3
625,8122,8124,5
708,8124,8126,0
673,8126,8128,4
729,8128,8130,1
793,8130,8132,1
794,8132,8134,3
741,8134,8136,2
755,8136,8138,2
795,8138,8140,4
777,8140,8142,1
742,8142,8144,2
753,8144,8146,3
796,8146,8148,0
754,8148,8149,3
778,8149,8151,1
756,8151,8153,3
757,8153,8155,3
675,8155,8157,0
797,8157,8159,3
743,8159,8161,2
759,8161,8163,4
779,8163,8164,3
640,8164,8166,0
627,8166,8167,0
798,8167,8168,2
758,8168,8170,1
760,8170,8172,0
713,8172,8174,3
691,8174,8176,0
744,8176,8178,2
780,8178,8180,0
781,8180,8182,4
782,8182,8184,4
661,8184,8186,2
783,8186,8188,5
715,8188,8190,2
692,8190,8192,5
662,8192,8194,2
799,8194,8196,4
676,8196,8198,5
732,8198,8199,5
616,8199,8200,0
716,8200,8202,0
762,8202,8203,1
784,8203,8205,1
677,8205,8207,4
800,8207,8209,1
717,8209,8211,1
801,8211,8213,1
745,8213,8215,3
763,8215,8217,4
785,8217,8218,5
786,8218,8220,4
644,8220,8222,5
646,8222,8224,5
787,8224,8226,0
647,8226,8228,2
802,8228,8229,1
803,8229,8230,3
669,8230,8232,3
764,8232,8233,2
720,8233,8235,2
804,8235,8237,2
680,8237,8239,5
765,8239,8241,5
767,8241,8243,2
746,8243,8245,4
788,8245,8247,2
735,8247,8249,3
766,8249,8251,5
768,8251,8253,3
651,8253,8255,1
805,8255,8257,2
652,8257,8259,0
702,8259,8261,0
747,8261,8263,1
681,8263,8265,3
769,8265,8266,5
806,8266,8268,0
682,8268,8270,1
770,8270,8272,3
737,8272,8273,1
655,8273,8275,2
771,8275,8277,2
725,8277,8279,3
748,8279,8281,1
726,8281,8283,5
772,8283,8285,4
789,8285,8287,3
738,8287,8289,4
790,8289,8290,3
685,8290,8292,4
739,8292,8294,0
791,8294,8296,2
774,8296,8298,2
657,8298,8300,3
751,8300,8302,3
752,8302,8304,2
775,8304,8306,1
659,8306,8308,1
807,8308,8310,4
776,8310,8312,3
740,8312,8314,0
792,8314,8316,3
625,8316,8318,5
708,8318,8320,0
673,8320,8322,4
729,8322,8323,1
793,8323,8325,1
808,8325,8327,4
794,8327,8329,3
741,8329,8331,2
755,8331,8333,2
795,8333,8335,4
809,8335,8337,0
742,8337,8339,2
753,8339,8340,3
796,8340,8342,0
778,8342,8344,1
777,8344,8346,1
756,8346,8348,3
810,8348,8350,0
757,8350,8352,3
675,8352,8354,0
811,8354,8355,0
812,8355,8357,4
797,8357,8359,3
743,8359,8360,2
759,8360,8362,4
813,8362,8363,4
814,8363,8365,5
815,8365,8367,5
816,8367,8369,0
760,8369,8371,0
779,8371,8373,3
691,8373,8375,0
713,8375,8377,3
780,8377,8379,0
798,8379,8381,2
817,8381,8383,3
781,8383,8385,4
782,8385,8387,4
661,8387,8388,2
783,8388,8390,5
715,8390,8392,2
692,8392,8394,5
662,8394,8396,2
799,8396,8398,4
818,8398,8400,0
676,8400,8402,5
716,8402,8404,0
677,8404,8406,4
717,8406,8408,1
801,8408,8410,1
784,8410,8411,1
763,8411,8413,4
745,8413,8415,3
786,8415,8417,4
800,8417,8418,1
644,8418,8420,5
646,8420,8421,5
787,8421,8423,0
647,8423,8425,2
819,8425,8427,0
669,8427,8429,3
720,8429,8431,2
820,8431,8433,0
802,8433,8435,1
804,8435,8437,2
803,8437,8438,3
767,8438,8440,2
746,8440,8442,4
788,8442,8444,2
735,8444,8446,3
821,8446,8448,5
768,8448,8450,3
805,8450,8452,2
652,8452,8454,0
702,8454,8456,0
822,8456,8457,2
747,8457,8459,1
823,8459,8461,2
681,8461,8463,3
806,8463,8465,0
682,8465,8467,1
824,8467,8469,3
770,8469,8471,3
655,8471,8473,2
771,8473,8475,2
725,8475,8477,3
726,8477,8479,5
772,8479,8481,4
789,8481,8482,3
685,8482,8484,4
739,8484,8486,0
825,8486,8488,0
791,8488,8490,2
826,8490,8492,4
774,8492,8494,2
790,8494,8496,3
827,8496,8498,3
657,8498,8500,3
752,8500,8502,2
751,8502,8504,3
828,8504,8506,2
659,8506,8507,1
829,8507,8509,0
807,8509,8511,4
776,8511,8513,3
740,8513,8515,0
792,8515,8517,3
708,8517,8519,0
673,8519,8521,4
729,8521,8523,1
808,8523,8525,4
741,8525,8527,2
755,8527,8529,2
793,8529,8531,1
795,8531,8533,4
809,8533,8535,0
794,8535,8537,3
742,8537,8539,2
796,8539,8541,0
778,8541,8543,1
756,8543,8544,3
810,8544,8546,0
830,8546,8548,5
675,8548,8550,0
757,8550,8552,3
812,8552,8554,4
797,8554,8556,3
831,8556,8557,2
743,8557,8559,2
759,8559,8561,4
814,8561,8563,5
811,8563,8564,0
815,8564,8566,5
816,8566,8568,0
832,8568,8569,0
760,8569,8571,0
779,8571,8573,3
691,8573,8575,0
813,8575,8577,4
713,8577,8579,3
780,8579,8581,0
798,8581,8582,2
833,8582,8583,4
817,8583,8585,3
781,8585,8587,4
782,8587,8589,4
783,8589,8591,5
715,8591,8593,2
692,8593,8595,5
662,8595,8596,2
834,8596,8598,5
676,8598,8600,5
716,8600,8602,0
717,8602,8604,1
799,8604,8606,4
801,8606,8608,1
818,8608,8610,0
763,8610,8611,4
745,8611,8613,3
835,8613,8614,4
786,8614,8616,4
644,8616,8617,5
836,8617,8619,3
787,8619,8621,0
647,8621,8622,2
819,8622,8624,0
669,8624,8626,3
720,8626,8628,2
804,8628,8630,2
767,8630,8632,2
746,8632,8634,4
788,8634,8636,2
820,8636,8637,0
821,8637,8639,5
735,8639,8641,3
768,8641,8643,3
837,8643,8645,2
805,8645,8647,2
652,8647,8648,0
702,8648,8650,0
838,8650,8652,0
747,8652,8653,1
839,8653,8654,1
681,8654,8656,3
840,8656,8658,0
806,8658,8660,0
822,8660,8662,2
682,8662,8664,1
841,8664,8666,1
770,8666,8667,3
823,8667,8668,2
771,8668,8670,2
725,8670,8672,3
842,8672,8674,3
726,8674,8676,5
772,8676,8678,4
824,8678,8680,3
685,8680,8682,4
825,8682,8684,0
739,8684,8686,0
791,8686,8688,2
826,8688,8690,4
774,8690,8692,2
790,8692,8694,3
827,8694,8696,3
751,8696,8698,3
752,8698,8700,2
828,8700,8702,2
843,8702,8704,4
844,8704,8706,3
829,8706,8707,0
807,8707,8709,4
740,8709,8711,0
792,8711,8713,3
708,8713,8715,0
673,8715,8717,4
845,8717,8718,1
729,8718,8720,1
808,8720,8722,4
741,8722,8724,2
755,8724,8726,2
846,8726,8727,3
795,8727,8729,4
809,8729,8731,0
794,8731,8732,3
742,8732,8734,2
796,8734,8736,0
778,8736,8737,1
756,8737,8739,3
830,8739,8741,5
675,8741,8743,0
757,8743,8745,3
847,8745,8747,0
812,8747,8749,4
797,8749,8751,3
810,8751,8753,0
743,8753,8755,2
759,8755,8757,4
814,8757,8759,5
815,8759,8761,5
848,8761,8763,2
816,8763,8765,0
831,8765,8767,2
849,8767,8769,0
850,8769,8771,3
760,8771,8773,0
851,8773,8775,4
691,8775,8777,0
852,8777,8779,1
813,8779,8781,4
713,8781,8783,3
780,8783,8784,0
832,8784,8786,0
853,8786,8788,0
854,8788,8790,4
817,8790,8792,3
781,8792,8793,4
855,8793,8795,5
783,8795,8796,5
782,8796,8798,4
715,8798,8800,2
692,8800,8801,5
833,8801,8803,4
834,8803,8805,5
856,8805,8807,1
676,8807,8808,5
716,8808,8810,0
717,8810,8812,1
799,8812,8813,4
801,8813,8815,1
857,8815,8817,0
745,8817,8819,3
786,8819,8821,4
858,8821,8823,1
787,8823,8824,0
819,8824,8826,0
835,8826,8827,4
720,8827,8829,2
804,8829,8831,2
836,8831,8833,3
767,8833,8835,2
859,8835,8837,0
788,8837,8838,2
860,8838,8840,1
746,8840,8842,4
821,8842,8844,5
735,8844,8846,3
861,8846,8847,4
768,8847,8849,3
837,8849,8851,2
805,8851,8853,2
862,8853,8855,3
702,8855,8857,0
838,8857,8859,0
863,8859,8861,1
864,8861,8862,3
681,8862,8863,3
747,8863,8865,1
865,8865,8867,5
840,8867,8869,0
806,8869,8871,0
822,8871,8872,2
682,8872,8873,1
839,8873,8874,1
841,8874,8876,1
866,8876,8878,1
867,8878,8880,3
868,8880,8882,3
770,8882,8884,3
725,8884,8886,3
771,8886,8888,2
842,8888,8890,3
726,8890,8892,5
772,8892,8893,4
824,8893,8894,3
685,8894,8896,4
825,8896,8898,0
739,8898,8900,0
791,8900,8902,2
869,8902,8904,2
826,8904,8906,4
870,8906,8908,3
871,8908,8910,0
872,8910,8912,2
774,8912,8913,2
827,8913,8915,3
751,8915,8917,3
752,8917,8919,2
828,8919,8921,2
843,8921,8923,4
844,8923,8925,3
873,8925,8927,2
807,8927,8929,4
740,8929,8931,0
792,8931,8933,3
708,8933,8934,0
829,8934,8935,0
874,8935,8937,1
729,8937,8939,1
875,8939,8941,3
808,8941,8943,4
741,8943,8945,2
845,8945,8947,1
795,8947,8949,4
755,8949,8951,2
876,8951,8952,5
809,8952,8954,0
742,8954,8956,2
796,8956,8958,0
846,8958,8960,3
756,8960,8962,3
778,8962,8964,1
830,8964,8966,5
757,8966,8968,3
812,8968,8970,4
877,8970,8971,0
878,8971,8972,5
797,8972,8973,3
879,8973,8974,5
743,8974,8976,2
847,8976,8978,0
880,8978,8980,0
814,8980,8982,5
815,8982,8984,5
881,8984,8985,0
848,8985,8987,2
816,8987,8989,0
882,8989,8991,2
831,8991,8993,2
849,8993,8995,0
850,8995,8997,3
760,8997,8999,0
851,8999,9001,4
691,9001,9003,0
852,9003,9005,1
713,9005,9007,3
780,9007,9009,0
853,9009,9011,0
854,9011,9013,4
817,9013,9015,3
855,9015,9017,5
781,9017,9019,4
883,9019,9020,3
783,9020,9022,5
782,9022,9024,4
715,9024,9026,2
833,9026,9028,4
884,9028,9030,3
856,9030,9031,1
885,9031,9033,5
716,9033,9035,0
886,9035,9037,5
717,9037,9039,1
801,9039,9041,1
834,9041,9043,5
857,9043,9045,0
745,9045,9047,3
786,9047,9049,4
858,9049,9051,1
787,9051,9053,0
819,9053,9055,0
720,9055,9057,2
804,9057,9059,2
887,9059,9061,2
836,9061,9063,3
767,9063,9065,2
859,9065,9067,0
860,9067,9069,1
788,9069,9071,2
746,9071,9073,4
821,9073,9075,5
888,9075,9077,3
735,9077,9079,3
768,9079,9081,3
837,9081,9083,2
805,9083,9085,2
861,9085,9086,4
862,9086,9087,3
702,9087,9089,0
838,9089,9091,0
863,9091,9092,1
747,9092,9094,1
806,9094,9096,0
864,9096,9098,3
841,9098,9100,1
865,9100,9101,5
840,9101,9102,0
867,9102,9104,3
868,9104,9106,3
770,9106,9108,3
725,9108,9110,3
771,9110,9112,2
866,9112,9113,1
889,9113,9115,3
842,9115,9117,3
726,9117,9119,5
772,9119,9121,4
825,9121,9123,0
739,9123,9125,0
791,9125,9126,2
890,9126,9128,2
891,9128,9130,5
892,9130,9132,1
869,9132,9134,2
826,9134,9136,4
870,9136,9138,3
871,9138,9140,0
872,9140,9142,2
827,9142,9144,3
751,9144,9146,3
774,9146,9148,2
752,9148,9150,2
828,9150,9152,2
893,9152,9153,4
843,9153,9155,4
844,9155,9157,3
873,9157,9159,2
807,9159,9161,4
740,9161,9163,0
792,9163,9165,3
874,9165,9167,1
729,9167,9169,1
875,9169,9171,3
808,9171,9173,4
741,9173,9175,2
795,9175,9176,4
755,9176,9178,2
894,9178,9180,0
809,9180,9182,0
895,9182,9184,2
896,9184,9186,4
742,9186,9188,2
846,9188,9189,3
876,9189,9190,5
756,9190,9192,3
796,9192,9194,0
778,9194,9196,1
830,9196,9198,5
757,9198,9200,3
812,9200,9202,4
743,9202,9204,2
797,9204,9206,3
847,9206,9207,0
880,9207,9208,0
814,9208,9210,5
877,9210,9212,0
815,9212,9214,5
878,9214,9216,5
879,9216,9217,5
897,9217,9218,2
898,9218,9219,5
848,9219,9221,2
816,9221,9223,0
882,9223,9225,2
849,9225,9227,0
899,9227,9229,0
850,9229,9231,3
881,9231,9233,0
760,9233,9235,0
900,9235,9237,1
851,9237,9239,4
691,9239,9240,0
852,9240,9242,1
901,9242,9244,4
713,9244,9245,3
780,9245,9247,0
853,9247,9249,0
854,9249,9251,4
817,9251,9253,3
855,9253,9255,5
781,9255,9257,4
783,9257,9259,5
782,9259,9261,4
715,9261,9262,2
883,9262,9263,3
884,9263,9265,3
885,9265,9267,5
886,9267,9269,5
717,9269,9271,1
856,9271,9272,1
902,9272,9274,3
801,9274,9276,1
857,9276,9278,0
745,9278,9280,3
858,9280,9282,1
903,9282,9284,1
786,9284,9286,4
787,9286,9288,0
904,9288,9290,2
819,9290,9292,0
905,9292,9293,5
804,9293,9295,2
887,9295,9296,2
906,9296,9298,5
767,9298,9300,2
859,9300,9302,0
860,9302,9304,1
788,9304,9306,2
746,9306,9308,4
821,9308,9309,5
907,9309,9311,2
735,9311,9313,3
908,9313,9315,2
768,9315,9317,3
837,9317,9319,2
888,9319,9321,3
909,9321,9323,0
702,9323,9325,0
805,9325,9327,2
838,9327,9329,0
747,9329,9331,1
910,9331,9333,2
806,9333,9335,0
862,9335,9337,3
911,9337,9339,1
841,9339,9341,1
863,9341,9342,1
867,9342,9344,3
868,9344,9346,3
770,9346,9348,3
725,9348,9349,3
771,9349,9351,2
889,9351,9353,3
842,9353,9355,3
726,9355,9356,5
772,9356,9358,4
825,9358,9359,0
739,9359,9361,0
890,9361,9362,2
791,9362,9364,2
891,9364,9366,5
892,9366,9368,1
869,9368,9370,2
826,9370,9372,4
870,9372,9374,3
871,9374,9376,0
912,9376,9378,3
872,9378,9380,2
827,9380,9382,3
751,9382,9383,3
913,9383,9385,2
774,9385,9387,2
752,9387,9389,2
828,9389,9391,2
843,9391,9393,4
844,9393,9395,3
914,9395,9397,4
873,9397,9399,2
807,9399,9400,4
740,9400,9402,0
893,9402,9404,4
792,9404,9406,3
874,9406,9408,1
729,9408,9409,1
915,9409,9411,0
875,9411,9413,3
808,9413,9415,4
741,9415,9417,2
916,9417,9419,5
755,9419,9421,2
917,9421,9423,5
795,9423,9425,4
894,9425,9427,0
809,9427,9429,0
895,9429,9431,2
918,9431,9433,3
896,9433,9434,4
919,9434,9436,2
742,9436,9438,2
920,9438,9440,1
921,9440,9442,1
756,9442,9444,3
796,9444,9446,0
778,9446,9448,1
830,9448,9450,5
757,9450,9451,3
812,9451,9453,4
743,9453,9455,2
797,9455,9457,3
922,9457,9459,1
814,9459,9461,5
815,9461,9463,5
878,9463,9465,5
880,9465,9466,0
848,9466,9468,2
923,9468,9470,2
816,9470,9471,0
882,9471,9473,2
849,9473,9475,0
897,9475,9477,2
898,9477,9479,5
899,9479,9481,0
850,9481,9483,3
924,9483,9484,0
760,9484,9486,0
925,9486,9488,1
926,9488,9489,0
900,9489,9491,1
927,9491,9493,3
851,9493,9495,4
852,9495,9497,1
928,9497,9499,5
901,9499,9501,4
780,9501,9503,0
929,9503,9505,0
853,9505,9507,0
930,9507,9509,1
854,9509,9511,4
855,9511,9513,5
931,9513,9515,0
781,9515,9517,4
783,9517,9519,5
782,9519,9521,4
932,9521,9523,1
884,9523,9525,3
885,9525,9527,5
886,9527,9529,5
902,9529,9530,3
857,9530,9532,0
801,9532,9534,1
858,9534,9536,1
903,9536,9538,1
786,9538,9540,4
787,9540,9542,0
904,9542,9544,2
819,9544,9546,0
933,9546,9548,4
804,9548,9550,2
906,9550,9551,5
767,9551,9553,2
859,9553,9555,0
860,9555,9557,1
905,9557,9559,5
887,9559,9561,2
788,9561,9563,2
746,9563,9565,4
907,9565,9567,2
821,9567,9569,5
908,9569,9570,2
934,9570,9572,1
837,9572,9574,2
888,9574,9576,3
909,9576,9577,0
935,9577,9578,3
805,9578,9580,2
838,9580,9582,0
936,9582,9584,2
747,9584,9586,1
910,9586,9588,2
806,9588,9590,0
862,9590,9591,3
937,9591,9593,1
938,9593,9595,3
911,9595,9597,1
841,9597,9599,1
939,9599,9600,1
867,9600,9602,3
868,9602,9604,3
770,9604,9606,3
771,9606,9608,2
889,9608,9610,3
940,9610,9612,2
941,9612,9614,1
772,9614,9616,4
739,9616,9617,0
791,9617,9619,2
891,9619,9621,5
869,9621,9623,2
826,9623,9625,4
890,9625,9626,2
870,9626,9628,3
871,9628,9630,0
892,9630,9632,1
872,9632,9634,2
913,9634,9636,2
774,9636,9638,2
752,9638,9640,2
912,9640,9642,3
843,9642,9644,4
828,9644,9646,2
942,9646,9648,0
844,9648,9650,3
914,9650,9652,4
873,9652,9654,2
740,9654,9656,0
943,9656,9658,2
792,9658,9660,3
874,9660,9662,1
915,9662,9664,0
875,9664,9666,3
944,9666,9668,0
741,9668,9669,2
808,9669,9671,4
916,9671,9673,5
755,9673,9675,2
917,9675,9676,5
795,9676,9678,4
894,9678,9680,0
945,9680,9681,2
809,9681,9683,0
918,9683,9684,3
946,9684,9686,4
742,9686,9688,2
920,9688,9690,1
947,9690,9692,4
921,9692,9693,1
895,9693,9695,2
756,9695,9697,3
948,9697,9699,3
796,9699,9701,0
896,9701,9703,4
919,9703,9705,2
778,9705,9707,1
830,9707,9708,5
812,9708,9710,4
743,9710,9712,2
797,9712,9714,3
922,9714,9716,1
949,9716,9717,4
814,9717,9719,5
815,9719,9721,5
848,9721,9723,2
950,9723,9725,1
923,9725,9727,2
816,9727,9729,0
882,9729,9731,2
849,9731,9733,0
899,9733,9735,0
850,9735,9736,3
760,9736,9738,0
925,9738,9740,1
900,9740,9742,1
924,9742,9744,0
927,9744,9745,3
851,9745,9747,4
852,9747,9749,1
928,9749,9751,5
951,9751,9753,3
952,9753,9755,5
901,9755,9757,4
926,9757,9758,0
780,9758,9760,0
853,9760,9762,0
930,9762,9764,1
854,9764,9766,4
855,9766,9768,5
929,9768,9770,0
931,9770,9772,0
781,9772,9774,4
783,9774,9776,5
953,9776,9778,1
782,9778,9780,4
932,9780,9782,1
954,9782,9784,1
884,9784,9786,3
885,9786,9788,5
886,9788,9790,5
857,9790,9792,0
955,9792,9794,3
956,9794,9796,3
801,9796,9798,1
858,9798,9799,1
903,9799,9801,1
786,9801,9803,4
902,9803,9805,3
787,9805,9807,0
904,9807,9809,2
819,9809,9811,0
804,9811,9813,2
957,9813,9815,1
767,9815,9817,2
859,9817,9819,0
860,9819,9820,1
933,9820,9822,4
958,9822,9824,2
906,9824,9826,5
788,9826,9828,2
746,9828,9830,4
907,9830,9832,2
821,9832,9834,5
934,9834,9836,1
837,9836,9837,2
959,9837,9839,4
805,9839,9841,2
908,9841,9842,2
838,9842,9843,0
936,9843,9845,2
909,9845,9847,0
747,9847,9849,1
910,9849,9851,2
935,9851,9853,3
806,9853,9855,0
937,9855,9856,1
938,9856,9857,3
911,9857,9859,1
841,9859,9861,1
867,9861,9863,3
868,9863,9865,3
770,9865,9867,3
960,9867,9869,1
889,9869,9871,3
939,9871,9873,1
941,9873,9875,1
772,9875,9877,4
791,9877,9879,2
961,9879,9881,4
891,9881,9883,5
869,9883,9885,2
940,9885,9887,2
826,9887,9889,4
871,9889,9890,0
962,9890,9891,3
870,9891,9893,3
872,9893,9895,2
913,9895,9897,2
963,9897,9899,1
774,9899,9901,2
752,9901,9902,2
843,9902,9903,4
828,9903,9905,2
964,9905,9907,0
942,9907,9908,0
844,9908,9910,3
914,9910,9912,4
873,9912,9914,2
943,9914,9916,2
792,9916,9918,3
874,9918,9920,1
915,9920,9922,0
875,9922,9924,3
944,9924,9926,0
808,9926,9928,4
916,9928,9930,5
795,9930,9932,4
894,9932,9934,0
965,9934,9935,5
809,9935,9937,0
966,9937,9939,3
917,9939,9941,5
946,9941,9943,4
967,9943,9944,2
945,9944,9946,2
920,9946,9948,1
947,9948,9950,4
968,9950,9952,0
895,9952,9954,2
918,9954,9956,3
948,9956,9958,3
796,9958,9960,0
969,9960,9962,0
970,9962,9964,3
896,9964,9965,4
919,9965,9967,2
921,9967,9969,1
971,9969,9971,1
972,9971,9973,5
778,9973,9975,1
812,9975,9977,4
830,9977,9979,5
797,9979,9981,3
922,9981,9983,1
814,9983,9985,5
815,9985,9987,5
949,9987,9988,4
848,9988,9990,2
923,9990,9992,2
816,9992,9994,0
882,9994,9996,2
899,9996,9998,0
950,9998,10000,1
973,10000,10002,0
974,10002,10003,0
849,10003,10005,0
850,10005,10007,3
925,10007,10009,1
900,10009,10011,1
924,10011,10012,0
851,10012,10014,4
975,10014,10016,2
976,10016,10018,4
852,10018,10020,1
928,10020,10022,5
927,10022,10023,3
951,10023,10025,3
952,10025,10026,5
977,10026,10028,0
901,10028,10030,4
780,10030,10031,0
978,10031,10032,3
853,10032,10034,0
930,10034,10036,1
854,10036,10037,4
929,10037,10038,0
855,10038,10040,5
931,10040,10042,0
781,10042,10044,4
979,10044,10046,0
783,10046,10048,5
980,10048,10049,2
953,10049,10051,1
932,10051,10053,1
954,10053,10055,1
884,10055,10057,3
885,10057,10059,5
886,10059,10061,5
857,10061,10063,0
955,10063,10065,3
981,10065,10067,5
956,10067,10068,3
801,10068,10070,1
903,10070,10072,1
786,10072,10074,4
858,10074,10076,1
902,10076,10078,3
982,10078,10080,0
787,10080,10082,0
904,10082,10084,2
819,10084,10086,0
804,10086,10088,2
957,10088,10090,1
767,10090,10092,2
859,10092,10093,0
933,10093,10095,4
860,10095,10097,1
906,10097,10099,5
746,10099,10100,4
983,10100,10102,3
984,10102,10104,5
907,10104,10106,2
985,10106,10108,5
821,10108,10110,5
958,10110,10112,2
934,10112,10114,1
959,10114,10115,4
805,10115,10117,2
936,10117,10119,2
838,10119,10121,0
909,10121,10123,0
747,10123,10124,1
910,10124,10126,2
935,10126,10128,3
806,10128,10130,0
986,10130,10132,0
911,10132,10134,1
867,10134,10136,3
841,10136,10138,1
868,10138,10139,3
770,10139,10140,3
937,10140,10142,1
938,10142,10144,3
960,10144,10146,1
889,10146,10148,3
772,10148,10150,4
791,10150,10152,2
987,10152,10154,4
961,10154,10156,4
988,10156,10158,5
891,10158,10160,5
941,10160,10161,1
989,10161,10162,1
940,10162,10163,2
826,10163,10165,4
869,10165,10167,2
990,10167,10169,3
991,10169,10171,2
870,10171,10173,3
992,10173,10175,2
871,10175,10177,0
913,10177,10179,2
963,10179,10181,1
962,10181,10183,3
774,10183,10185,2
828,10185,10187,2
843,10187,10189,4
964,10189,10191,0
844,10191,10193,3
914,10193,10195,4
993,10195,10197,1
873,10197,10198,2
943,10198,10200,2
942,10200,10201,0
792,10201,10203,3
874,10203,10205,1
915,10205,10207,0
944,10207,10209,0
808,10209,10211,4
875,10211,10213,3
916,10213,10215,5
994,10215,10217,4
795,10217,10219,4
995,10219,10221,1
996,10221,10222,4
894,10222,10224,0
809,10224,10226,0
966,10226,10227,3
997,10227,10228,4
965,10228,10229,5
920,10229,10231,1
947,10231,10233,4
968,10233,10235,0
946,10235,10237,4
967,10237,10239,2
948,10239,10241,3
969,10241,10243,0
970,10243,10245,3
971,10245,10247,1
972,10247,10248,5
778,10248,10249,1
812,10249,10251,4
830,10251,10253,5
998,10253,10255,2
797,10255,10257,3
922,10257,10259,1
814,10259,10261,5
815,10261,10263,5
848,10263,10265,2
923,10265,10267,2
999,10267,10269,5
816,10269,10271,0
882,10271,10273,2
899,10273,10275,0
973,10275,10277,0
849,10277,10279,0
850,10279,10281,3
925,10281,10283,1
974,10283,10285,0
900,10285,10287,1
975,10287,10289,2
851,10289,10291,4
976,10291,10293,4
928,10293,10295,5
951,10295,10297,3
977,10297,10299,0
901,10299,10301,4
853,10301,10303,0
952,10303,10305,5
930,10305,10307,1
854,10307,10309,4
855,10309,10311,5
978,10311,10312,3
931,10312,10314,0
781,10314,10316,4
979,10316,10318,0
783,10318,10319,5
953,10319,10321,1
932,10321,10323,1
954,10323,10325,1
884,10325,10327,3
980,10327,10328,2
885,10328,10330,5
886,10330,10332,5
955,10332,10334,3
857,10334,10336,0
981,10336,10338,5
801,10338,10340,1
903,10340,10342,1
858,10342,10344,1
956,10344,10346,3
982,10346,10348,0
787,10348,10350,0
819,10350,10352,0
804,10352,10354,2
904,10354,10356,2
957,10356,10358,1
767,10358,10359,2
859,10359,10361,0
860,10361,10363,1
983,10363,10365,3
984,10365,10367,5
907,10367,10369,2
985,10369,10371,5
821,10371,10373,5
934,10373,10375,1
805,10375,10376,2
936,10376,10378,2
838,10378,10380,0
959,10380,10381,4
910,10381,10383,2
806,10383,10385,0
986,10385,10387,0
911,10387,10389,1
841,10389,10391,1
937,10391,10392,1
960,10392,10394,1
889,10394,10395,3
772,10395,10396,4
791,10396,10397,2
987,10397,10399,4
961,10399,10401,4
988,10401,10402,5
891,10402,10404,5
826,10404,10406,4
869,10406,10408,2
990,10408,10410,3
991,10410,10412,2
989,10412,10414,1
870,10414,10416,3
992,10416,10418,2
871,10418,10420,0
913,10420,10422,2
963,10422,10424,1
774,10424,10425,2
828,10425,10427,2
843,10427,10429,4
964,10429,10431,0
844,10431,10433,3
914,10433,10435,4
993,10435,10437,1
873,10437,10439,2
943,10439,10441,2
792,10441,10443,3
874,10443,10445,1
915,10445,10447,0
944,10447,10449,0
808,10449,10451,4
875,10451,10453,3
916,10453,10455,5
994,10455,10457,4
795,10457,10459,4
995,10459,10461,1
894,10461,10463,0
809,10463,10465,0
996,10465,10466,4
920,10466,10468,1
947,10468,10470,4
968,10470,10472,0
966,10472,10473,3
997,10473,10474,4
967,10474,10476,2
948,10476,10478,3
970,10478,10480,3
812,10480,10482,4
830,10482,10484,5
969,10484,10486,0
998,10486,10487,2
971,10487,10489,1
972,10489,10491,5
814,10491,10493,5
922,10493,10495,1
815,10495,10497,5
848,10497,10499,2
923,10499,10501,2
999,10501,10503,5
816,10503,10505,0
882,10505,10507,2
899,10507,10509,0
973,10509,10511,0
849,10511,10513,0
850,10513,10515,3
925,10515,10517,1
900,10517,10519,1
975,10519,10521,2
851,10521,10523,4
928,10523,10525,5
951,10525,10527,3
977,10527,10529,0
901,10529,10531,4
976,10531,10533,4
853,10533,10535,0
952,10535,10536,5
930,10536,10538,1
854,10538,10540,4
855,10540,10542,5
931,10542,10543,0
979,10543,10545,0
953,10545,10547,1
932,10547,10549,1
954,10549,10551,1
885,10551,10553,5
955,10553,10555,3
857,10555,10557,0
981,10557,10559,5
801,10559,10561,1
903,10561,10562,1
858,10562,10564,1
956,10564,10566,3
982,10566,10568,0
819,10568,10570,0
804,10570,10572,2
904,10572,10574,2
957,10574,10576,1
859,10576,10578,0
860,10578,10580,1
983,10580,10582,3
984,10582,10584,5
985,10584,10586,5
821,10586,10588,5
934,10588,10590,1
838,10590,10592,0
936,10592,10594,2
910,10594,10596,2
806,10596,10598,0
986,10598,10600,0
911,10600,10602,1
841,10602,10604,1
960,10604,10606,1
889,10606,10608,3
987,10608,10610,4
961,10610,10612,4
891,10612,10614,5
869,10614,10616,2
990,10616,10618,3
988,10618,10620,5
989,10620,10621,1
870,10621,10623,3
992,10623,10625,2
871,10625,10627,0
991,10627,10628,2
913,10628,10630,2
963,10630,10632,1
828,10632,10633,2
843,10633,10635,4
964,10635,10637,0
844,10637,10638,3
914,10638,10640,4
993,10640,10642,1
873,10642,10644,2
943,10644,10646,2
874,10646,10648,1
915,10648,10649,0
944,10649,10651,0
808,10651,10652,4
875,10652,10654,3
916,10654,10656,5
994,10656,10658,4
795,10658,10659,4
995,10659,10661,1
894,10661,10663,0
809,10663,10665,0
920,10665,10667,1
968,10667,10669,0
948,10669,10670,3
970,10670,10672,3
812,10672,10673,4
830,10673,10675,5
971,10675,10677,1
814,10677,10679,5
922,10679,10681,1
998,10681,10682,2
815,10682,10684,5
848,10684,10686,2
923,10686,10687,2
999,10687,10689,5
816,10689,10691,0
882,10691,10693,2
899,10693,10695,0
973,10695,10697,0
849,10697,10699,0
850,10699,10701,3
925,10701,10703,1
900,10703,10705,1
975,10705,10707,2
851,10707,10709,4
928,10709,10710,5
951,10710,10712,3
977,10712,10714,0
901,10714,10716,4
976,10716,10717,4
853,10717,10719,0
930,10719,10721,1
854,10721,10723,4
855,10723,10725,5
979,10725,10727,0
953,10727,10729,1
932,10729,10731,1
954,10731,10733,1
885,10733,10735,5
955,10735,10737,3
857,10737,10739,0
981,10739,10741,5
858,10741,10743,1
903,10743,10745,1
982,10745,10747,0
904,10747,10749,2
957,10749,10751,1
859,10751,10753,0
860,10753,10755,1
983,10755,10757,3
984,10757,10759,5
985,10759,10761,5
821,10761,10763,5
934,10763,10765,1
838,10765,10767,0
936,10767,10769,2
806,10769,10770,0
986,10770,10772,0
911,10772,10774,1
841,10774,10776,1
960,10776,10778,1
889,10778,10780,3
987,10780,10782,4
891,10782,10784,5
961,10784,10786,4
869,10786,10788,2
990,10788,10790,3
870,10790,10792,3
992,10792,10794,2
871,10794,10796,0
963,10796,10797,1
843,10797,10799,4
964,10799,10801,0
993,10801,10803,1
873,10803,10805,2
914,10805,10807,4
943,10807,10809,2
874,10809,10811,1
944,10811,10813,0
915,10813,10815,0
875,10815,10817,3
916,10817,10819,5
994,10819,10821,4
995,10821,10823,1
894,10823,10825,0
809,10825,10827,0
920,10827,10829,1
968,10829,10830,0
970,10830,10831,3
830,10831,10833,5
814,10833,10835,5
922,10835,10837,1
848,10837,10839,2
923,10839,10841,2
999,10841,10843,5
816,10843,10844,0
899,10844,10846,0
849,10846,10848,0
973,10848,10850,0
850,10850,10852,3
925,10852,10854,1
900,10854,10856,1
851,10856,10858,4
928,10858,10860,5
951,10860,10861,3
901,10861,10863,4
853,10863,10865,0
854,10865,10867,4
855,10867,10869,5
979,10869,10871,0
953,10871,10873,1
932,10873,10875,1
954,10875,10877,1
885,10877,10879,5
955,10879,10880,3
857,10880,10882,0
981,10882,10883,5
903,10883,10885,1
904,10885,10887,2
957,10887,10889,1
859,10889,10891,0
860,10891,10892,1
983,10892,10894,3
984,10894,10896,5
985,10896,10898,5
838,10898,10899,0
936,10899,10901,2
986,10901,10902,0
911,10902,10904,1
841,10904,10906,1
960,10906,10908,1
889,10908,10910,3
987,10910,10912,4
891,10912,10914,5
961,10914,10916,4
990,10916,10917,3
871,10917,10918,0
992,10918,10920,2
843,10920,10922,4
963,10922,10924,1
964,10924,10926,0
993,10926,10928,1
873,10928,10930,2
914,10930,10932,4
943,10932,10934,2
874,10934,10936,1
944,10936,10938,0
915,10938,10940,0
916,10940,10942,5
994,10942,10944,4
894,10944,10946,0
995,10946,10948,1
920,10948,10950,1
970,10950,10952,3
830,10952,10954,5
968,10954,10956,0
922,10956,10958,1
923,10958,10960,2
999,10960,10962,5
899,10962,10964,0
973,10964,10966,0
850,10966,10968,3
925,10968,10970,1
900,10970,10972,1
851,10972,10974,4
928,10974,10976,5
853,10976,10978,0
854,10978,10980,4
855,10980,10981,5
979,10981,10983,0
932,10983,10985,1
953,10985,10987,1
857,10987,10989,0
955,10989,10991,3
903,10991,10993,1
981,10993,10995,5
904,10995,10997,2
957,10997,10999,1
859,10999,11001,0
983,11001,11002,3
985,11002,11004,5
984,11004,11006,5
936,11006,11008,2
911,11008,11010,1
841,11010,11012,1
960,11012,11014,1
889,11014,11016,3
891,11016,11018,5
987,11018,11020,4
961,11020,11022,4
990,11022,11024,3
992,11024,11026,2
963,11026,11028,1
993,11028,11030,1
873,11030,11031,2
964,11031,11033,0
914,11033,11035,4
943,11035,11037,2
874,11037,11038,1
944,11038,11040,0
915,11040,11042,0
916,11042,11044,5
994,11044,11046,4
894,11046,11048,0
995,11048,11050,1
920,11050,11052,1
970,11052,11054,3
968,11054,11056,0
922,11056,11057,1
923,11057,11059,2
899,11059,11060,0
999,11060,11062,5
973,11062,11064,0
925,11064,11066,1
900,11066,11068,1
851,11068,11070,4
928,11070,11072,5
854,11072,11073,4
979,11073,11075,0
932,11075,11077,1
953,11077,11079,1
857,11079,11081,0
955,11081,11083,3
903,11083,11085,1
981,11085,11087,5
904,11087,11089,2
957,11089,11091,1
859,11091,11093,0
985,11093,11095,5
983,11095,11097,3
984,11097,11099,5
936,11099,11100,2
911,11100,11101,1
960,11101,11103,1
889,11103,11105,3
891,11105,11106,5
987,11106,11108,4
961,11108,11110,4
990,11110,11112,3
992,11112,11114,2
963,11114,11116,1
993,11116,11118,1
964,11118,11120,0
914,11120,11122,4
943,11122,11124,2
944,11124,11126,0
915,11126,11128,0
916,11128,11130,5
894,11130,11132,0
994,11132,11134,4
995,11134,11136,1
920,11136,11138,1
970,11138,11140,3
968,11140,11142,0
923,11142,11144,2
999,11144,11146,5
973,11146,11148,0
928,11148,11150,5
979,11150,11152,0
932,11152,11154,1
953,11154,11156,1
955,11156,11158,3
981,11158,11160,5
957,11160,11162,1
985,11162,11164,5
983,11164,11166,3
984,11166,11168,5
960,11168,11170,1
889,11170,11172,3
987,11172,11174,4
961,11174,11176,4
990,11176,11178,3
992,11178,11180,2
963,11180,11182,1
993,11182,11184,1
964,11184,11186,0
914,11186,11188,4
915,11188,11190,0
994,11190,11192,4
995,11192,11194,1
970,11194,11196,3
968,11196,11198,0
923,11198,11199,2
999,11199,11201,5
973,11201,11203,0
928,11203,11205,5
979,11205,11207,0
932,11207,11209,1
953,11209,11211,1
955,11211,11213,3
981,11213,11215,5
957,11215,11217,1
985,11217,11219,5
983,11219,11221,3
984,11221,11223,5
960,11223,11225,1
987,11225,11227,4
961,11227,11228,4
990,11228,11230,3
992,11230,11232,2
963,11232,11234,1
993,11234,11236,1
964,11236,11238,0
914,11238,11239,4
915,11239,11241,0
994,11241,11243,4
995,11243,11245,1
970,11245,11247,3
968,11247,11249,0
999,11249,11251,5
973,11251,11253,0
928,11253,11254,5
979,11254,11255,0
953,11255,11257,1
981,11257,11259,5
957,11259,11260,1
985,11260,11262,5
983,11262,11264,3
984,11264,11265,5
987,11265,11267,4
990,11267,11268,3
992,11268,11270,2
963,11270,11271,1
993,11271,11273,1
994,11273,11275,4
995,11275,11276,1
999,11276,11278,5
987,11278,11279,4
993,11279,11281,1
994,11281,11282,4
999,11282,11284,5
993,11284,11285,1
